County,STI_Disease,Year,Cases,Rate,TOT_POP,TOT_MALE,TOT_FEMALE,WA_MALE,WA_FEMALE,BA_MALE,BA_FEMALE,H_MALE,H_FEMALE
Adams,Chlaydia,2020,66,239.7,27451.0,13705.0,13746.0,13307.0,13338.0,81.0,55.0,121.0,106.0
Adams,Chlaydia,2021,53,192.6,27589.0,13727.0,13862.0,13291.0,13428.0,92.0,67.0,123.0,117.0
Adams,Chlaydia,2022,54,196.9,27449.0,13669.0,13780.0,13221.0,13352.0,90.0,70.0,145.0,113.0
Adams,Chlaydia,2023,78,283.4,27542.0,13698.0,13844.0,13223.0,13383.0,98.0,75.0,153.0,123.0
Adams,Chlaydia,2024,64,232.5,27671.0,13773.0,13898.0,13251.0,13389.0,111.0,89.0,153.0,132.0
Adams,Gonorrhoea,2020,6,21.8,27451.0,13705.0,13746.0,13307.0,13338.0,81.0,55.0,121.0,106.0
Adams,Gonorrhoea,2021,6,32.7,27589.0,13727.0,13862.0,13291.0,13428.0,92.0,67.0,123.0,117.0
Adams,Gonorrhoea,2022,13,47.4,27449.0,13669.0,13780.0,13221.0,13352.0,90.0,70.0,145.0,113.0
Adams,Gonorrhoea,2023,9,21.8,27542.0,13698.0,13844.0,13223.0,13383.0,98.0,75.0,153.0,123.0
Adams,Gonorrhoea,2024,5,18.2,27671.0,13773.0,13898.0,13251.0,13389.0,111.0,89.0,153.0,132.0
Adams,Syphillis,2020,2,7.3,27451.0,13705.0,13746.0,13307.0,13338.0,81.0,55.0,121.0,106.0
Adams,Syphillis,2021,3,10.9,27589.0,13727.0,13862.0,13291.0,13428.0,92.0,67.0,123.0,117.0
Adams,Syphillis,2022,0,0.0,27449.0,13669.0,13780.0,13221.0,13352.0,90.0,70.0,145.0,113.0
Adams,Syphillis,2023,3,10.9,27542.0,13698.0,13844.0,13223.0,13383.0,98.0,75.0,153.0,123.0
Adams,Syphillis,2024,1,3.6,27671.0,13773.0,13898.0,13251.0,13389.0,111.0,89.0,153.0,132.0
Allen,Chlaydia,2020,707,693.3,102137.0,51077.0,51060.0,42355.0,42518.0,6429.0,6278.0,1797.0,1552.0
Allen,Chlaydia,2021,640,628.7,101800.0,50928.0,50872.0,42174.0,42306.0,6367.0,6211.0,1867.0,1622.0
Allen,Chlaydia,2022,583,576.6,101086.0,50508.0,50578.0,41783.0,42059.0,6262.0,6063.0,1979.0,1658.0
Allen,Chlaydia,2023,606,601.0,100851.0,50374.0,50477.0,41580.0,41888.0,6237.0,6033.0,2078.0,1770.0
Allen,Chlaydia,2024,561,556.3,100866.0,50357.0,50509.0,41468.0,41781.0,6272.0,6065.0,2209.0,1881.0
Allen,Gonorrhoea,2020,216,107.1,102137.0,51077.0,51060.0,42355.0,42518.0,6429.0,6278.0,1797.0,1552.0
Allen,Gonorrhoea,2021,236,231.8,101800.0,50928.0,50872.0,42174.0,42306.0,6367.0,6211.0,1867.0,1622.0
Allen,Gonorrhoea,2022,306,211.8,101086.0,50508.0,50578.0,41783.0,42059.0,6262.0,6063.0,1979.0,1658.0
Allen,Gonorrhoea,2023,108,302.6,100851.0,50374.0,50477.0,41580.0,41888.0,6237.0,6033.0,2078.0,1770.0
Allen,Gonorrhoea,2024,147,145.8,100866.0,50357.0,50509.0,41468.0,41781.0,6272.0,6065.0,2209.0,1881.0
Allen,Syphillis,2020,16,15.7,102137.0,51077.0,51060.0,42355.0,42518.0,6429.0,6278.0,1797.0,1552.0
Allen,Syphillis,2021,27,26.5,101800.0,50928.0,50872.0,42174.0,42306.0,6367.0,6211.0,1867.0,1622.0
Allen,Syphillis,2022,34,33.6,101086.0,50508.0,50578.0,41783.0,42059.0,6262.0,6063.0,1979.0,1658.0
Allen,Syphillis,2023,26,25.8,100851.0,50374.0,50477.0,41580.0,41888.0,6237.0,6033.0,2078.0,1770.0
Allen,Syphillis,2024,22,21.8,100866.0,50357.0,50509.0,41468.0,41781.0,6272.0,6065.0,2209.0,1881.0
Ashland,Chlaydia,2020,115,215.5,52476.0,26024.0,26452.0,25052.0,25558.0,325.0,182.0,401.0,457.0
Ashland,Chlaydia,2021,127,242.6,52193.0,25837.0,26356.0,24869.0,25437.0,320.0,203.0,413.0,465.0
Ashland,Chlaydia,2022,95,182.1,52010.0,25823.0,26187.0,24826.0,25253.0,344.0,193.0,460.0,482.0
Ashland,Chlaydia,2023,83,159.0,52183.0,25957.0,26226.0,24940.0,25287.0,347.0,210.0,470.0,507.0
Ashland,Chlaydia,2024,85,162.9,52420.0,26068.0,26352.0,25036.0,25392.0,359.0,228.0,498.0,526.0
Ashland,Gonorrhoea,2020,14,42.0,52476.0,26024.0,26452.0,25052.0,25558.0,325.0,182.0,401.0,457.0
Ashland,Gonorrhoea,2021,22,26.2,52193.0,25837.0,26356.0,24869.0,25437.0,320.0,203.0,413.0,465.0
Ashland,Gonorrhoea,2022,24,46.0,52010.0,25823.0,26187.0,24826.0,25253.0,344.0,193.0,460.0,482.0
Ashland,Gonorrhoea,2023,15,28.7,52183.0,25957.0,26226.0,24940.0,25287.0,347.0,210.0,470.0,507.0
Ashland,Gonorrhoea,2024,11,21.1,52420.0,26068.0,26352.0,25036.0,25392.0,359.0,228.0,498.0,526.0
Ashland,Syphillis,2020,3,5.6,52476.0,26024.0,26452.0,25052.0,25558.0,325.0,182.0,401.0,457.0
Ashland,Syphillis,2021,4,7.6,52193.0,25837.0,26356.0,24869.0,25437.0,320.0,203.0,413.0,465.0
Ashland,Syphillis,2022,3,5.7,52010.0,25823.0,26187.0,24826.0,25253.0,344.0,193.0,460.0,482.0
Ashland,Syphillis,2023,6,11.5,52183.0,25957.0,26226.0,24940.0,25287.0,347.0,210.0,470.0,507.0
Ashland,Syphillis,2024,6,11.5,52420.0,26068.0,26352.0,25036.0,25392.0,359.0,228.0,498.0,526.0
Ashtabula,Chlaydia,2020,269,278.7,97512.0,49655.0,47857.0,45411.0,44980.0,2629.0,1237.0,2463.0,2057.0
Ashtabula,Chlaydia,2021,294,301.7,97470.0,49842.0,47628.0,45392.0,44736.0,2767.0,1231.0,2558.0,2132.0
Ashtabula,Chlaydia,2022,230,237.1,96987.0,49628.0,47359.0,45099.0,44446.0,2803.0,1240.0,2604.0,2217.0
Ashtabula,Chlaydia,2023,239,246.8,96962.0,49639.0,47323.0,45049.0,44343.0,2808.0,1275.0,2699.0,2301.0
Ashtabula,Chlaydia,2024,226,233.4,96906.0,49625.0,47281.0,45016.0,44207.0,2786.0,1314.0,2769.0,2410.0
Ashtabula,Gonorrhoea,2020,136,161.1,97512.0,49655.0,47857.0,45411.0,44980.0,2629.0,1237.0,2463.0,2057.0
Ashtabula,Gonorrhoea,2021,157,140.9,97470.0,49842.0,47628.0,45392.0,44736.0,2767.0,1231.0,2558.0,2132.0
Ashtabula,Gonorrhoea,2022,104,107.2,96987.0,49628.0,47359.0,45099.0,44446.0,2803.0,1240.0,2604.0,2217.0
Ashtabula,Gonorrhoea,2023,45,46.5,96962.0,49639.0,47323.0,45049.0,44343.0,2808.0,1275.0,2699.0,2301.0
Ashtabula,Gonorrhoea,2024,69,71.2,96906.0,49625.0,47281.0,45016.0,44207.0,2786.0,1314.0,2769.0,2410.0
Ashtabula,Syphillis,2020,2,2.1,97512.0,49655.0,47857.0,45411.0,44980.0,2629.0,1237.0,2463.0,2057.0
Ashtabula,Syphillis,2021,8,8.2,97470.0,49842.0,47628.0,45392.0,44736.0,2767.0,1231.0,2558.0,2132.0
Ashtabula,Syphillis,2022,11,11.3,96987.0,49628.0,47359.0,45099.0,44446.0,2803.0,1240.0,2604.0,2217.0
Ashtabula,Syphillis,2023,18,18.6,96962.0,49639.0,47323.0,45049.0,44343.0,2808.0,1275.0,2699.0,2301.0
Ashtabula,Syphillis,2024,22,22.7,96906.0,49625.0,47281.0,45016.0,44207.0,2786.0,1314.0,2769.0,2410.0
Athens,Chlaydia,2020,227,346.7,62380.0,31117.0,31263.0,28311.0,28561.0,905.0,877.0,696.0,700.0
Athens,Chlaydia,2021,257,435.0,59090.0,29544.0,29546.0,26944.0,27048.0,847.0,749.0,649.0,659.0
Athens,Chlaydia,2022,241,408.6,61029.0,30420.0,30609.0,27681.0,27895.0,918.0,842.0,693.0,698.0
Athens,Chlaydia,2023,203,323.7,62969.0,31322.0,31647.0,28440.0,28718.0,1003.0,892.0,751.0,740.0
Athens,Chlaydia,2024,164,261.5,63218.0,31446.0,31772.0,28475.0,28751.0,1029.0,889.0,797.0,734.0
Athens,Gonorrhoea,2020,62,65.4,62380.0,31117.0,31263.0,28311.0,28561.0,905.0,877.0,696.0,700.0
Athens,Gonorrhoea,2021,55,94.7,59090.0,29544.0,29546.0,26944.0,27048.0,847.0,749.0,649.0,659.0
Athens,Gonorrhoea,2022,32,93.1,61029.0,30420.0,30609.0,27681.0,27895.0,918.0,842.0,693.0,698.0
Athens,Gonorrhoea,2023,41,54.3,62969.0,31322.0,31647.0,28440.0,28718.0,1003.0,892.0,751.0,740.0
Athens,Gonorrhoea,2024,18,28.7,63218.0,31446.0,31772.0,28475.0,28751.0,1029.0,889.0,797.0,734.0
Athens,Syphillis,2020,2,3.1,62380.0,31117.0,31263.0,28311.0,28561.0,905.0,877.0,696.0,700.0
Athens,Syphillis,2021,11,18.6,59090.0,29544.0,29546.0,26944.0,27048.0,847.0,749.0,649.0,659.0
Athens,Syphillis,2022,9,15.3,61029.0,30420.0,30609.0,27681.0,27895.0,918.0,842.0,693.0,698.0
Athens,Syphillis,2023,8,12.8,62969.0,31322.0,31647.0,28440.0,28718.0,1003.0,892.0,751.0,740.0
Athens,Syphillis,2024,5,8.0,63218.0,31446.0,31772.0,28475.0,28751.0,1029.0,889.0,797.0,734.0
Auglaize,Chlaydia,2020,108,236.4,46473.0,23337.0,23136.0,22622.0,22520.0,201.0,122.0,432.0,379.0
Auglaize,Chlaydia,2021,103,222.8,46261.0,23257.0,23004.0,22473.0,22351.0,209.0,123.0,445.0,384.0
Auglaize,Chlaydia,2022,106,230.7,45949.0,23065.0,22884.0,22296.0,22205.0,210.0,129.0,459.0,394.0
Auglaize,Chlaydia,2023,93,202.0,46018.0,23145.0,22873.0,22338.0,22179.0,228.0,128.0,479.0,410.0
Auglaize,Chlaydia,2024,65,141.2,45922.0,23135.0,22787.0,22287.0,22066.0,222.0,134.0,520.0,435.0
Auglaize,Gonorrhoea,2020,17,17.4,46473.0,23337.0,23136.0,22622.0,22520.0,201.0,122.0,432.0,379.0
Auglaize,Gonorrhoea,2021,19,41.1,46261.0,23257.0,23004.0,22473.0,22351.0,209.0,123.0,445.0,384.0
Auglaize,Gonorrhoea,2022,17,37.2,45949.0,23065.0,22884.0,22296.0,22205.0,210.0,129.0,459.0,394.0
Auglaize,Gonorrhoea,2023,8,37.0,46018.0,23145.0,22873.0,22338.0,22179.0,228.0,128.0,479.0,410.0
Auglaize,Gonorrhoea,2024,17,36.9,45922.0,23135.0,22787.0,22287.0,22066.0,222.0,134.0,520.0,435.0
Auglaize,Syphillis,2020,5,10.9,46473.0,23337.0,23136.0,22622.0,22520.0,201.0,122.0,432.0,379.0
Auglaize,Syphillis,2021,0,0.0,46261.0,23257.0,23004.0,22473.0,22351.0,209.0,123.0,445.0,384.0
Auglaize,Syphillis,2022,1,2.2,45949.0,23065.0,22884.0,22296.0,22205.0,210.0,129.0,459.0,394.0
Auglaize,Syphillis,2023,4,8.7,46018.0,23145.0,22873.0,22338.0,22179.0,228.0,128.0,479.0,410.0
Auglaize,Syphillis,2024,0,0.0,45922.0,23135.0,22787.0,22287.0,22066.0,222.0,134.0,520.0,435.0
Belmont,Chlaydia,2020,139,210.8,66291.0,34207.0,32084.0,31068.0,30645.0,2359.0,543.0,484.0,304.0
Belmont,Chlaydia,2021,126,191.2,65909.0,34092.0,31817.0,30830.0,30394.0,2444.0,546.0,519.0,302.0
Belmont,Chlaydia,2022,133,203.0,65495.0,33901.0,31594.0,30582.0,30118.0,2455.0,574.0,552.0,325.0
Belmont,Chlaydia,2023,136,209.5,64980.0,33701.0,31279.0,30369.0,29766.0,2425.0,580.0,580.0,350.0
Belmont,Chlaydia,2024,92,141.7,64692.0,33441.0,31251.0,30096.0,29694.0,2439.0,608.0,614.0,398.0
Belmont,Gonorrhoea,2020,65,51.6,66291.0,34207.0,32084.0,31068.0,30645.0,2359.0,543.0,484.0,304.0
Belmont,Gonorrhoea,2021,34,38.2,65909.0,34092.0,31817.0,30830.0,30394.0,2444.0,546.0,519.0,302.0
Belmont,Gonorrhoea,2022,25,98.6,65495.0,33901.0,31594.0,30582.0,30118.0,2455.0,574.0,552.0,325.0
Belmont,Gonorrhoea,2023,18,27.7,64980.0,33701.0,31279.0,30369.0,29766.0,2425.0,580.0,580.0,350.0
Belmont,Gonorrhoea,2024,25,38.5,64692.0,33441.0,31251.0,30096.0,29694.0,2439.0,608.0,614.0,398.0
Belmont,Syphillis,2020,1,1.5,66291.0,34207.0,32084.0,31068.0,30645.0,2359.0,543.0,484.0,304.0
Belmont,Syphillis,2021,2,3.0,65909.0,34092.0,31817.0,30830.0,30394.0,2444.0,546.0,519.0,302.0
Belmont,Syphillis,2022,1,1.5,65495.0,33901.0,31594.0,30582.0,30118.0,2455.0,574.0,552.0,325.0
Belmont,Syphillis,2023,2,3.1,64980.0,33701.0,31279.0,30369.0,29766.0,2425.0,580.0,580.0,350.0
Belmont,Syphillis,2024,5,7.7,64692.0,33441.0,31251.0,30096.0,29694.0,2439.0,608.0,614.0,398.0
Brown,Chlaydia,2020,146,336.3,43684.0,21830.0,21854.0,21126.0,21227.0,235.0,190.0,254.0,261.0
Brown,Chlaydia,2021,97,222.0,43708.0,21790.0,21918.0,21096.0,21298.0,233.0,186.0,258.0,271.0
Brown,Chlaydia,2022,117,267.9,43707.0,21758.0,21949.0,21039.0,21295.0,243.0,205.0,261.0,288.0
Brown,Chlaydia,2023,86,196.5,43834.0,21880.0,21954.0,21138.0,21294.0,248.0,206.0,287.0,300.0
Brown,Chlaydia,2024,77,175.9,44292.0,22128.0,22164.0,21356.0,21465.0,249.0,226.0,335.0,344.0
Brown,Gonorrhoea,2020,24,55.3,43684.0,21830.0,21854.0,21126.0,21227.0,235.0,190.0,254.0,261.0
Brown,Gonorrhoea,2021,25,57.2,43708.0,21790.0,21918.0,21096.0,21298.0,233.0,186.0,258.0,271.0
Brown,Gonorrhoea,2022,19,43.5,43707.0,21758.0,21949.0,21039.0,21295.0,243.0,205.0,261.0,288.0
Brown,Gonorrhoea,2023,14,32.0,43834.0,21880.0,21954.0,21138.0,21294.0,248.0,206.0,287.0,300.0
Brown,Gonorrhoea,2024,18,41.1,44292.0,22128.0,22164.0,21356.0,21465.0,249.0,226.0,335.0,344.0
Brown,Syphillis,2020,4,9.2,43684.0,21830.0,21854.0,21126.0,21227.0,235.0,190.0,254.0,261.0
Brown,Syphillis,2021,4,9.2,43708.0,21790.0,21918.0,21096.0,21298.0,233.0,186.0,258.0,271.0
Brown,Syphillis,2022,5,11.4,43707.0,21758.0,21949.0,21039.0,21295.0,243.0,205.0,261.0,288.0
Brown,Syphillis,2023,6,13.7,43834.0,21880.0,21954.0,21138.0,21294.0,248.0,206.0,287.0,300.0
Brown,Syphillis,2024,3,6.9,44292.0,22128.0,22164.0,21356.0,21465.0,249.0,226.0,335.0,344.0
Butler,Chlaydia,2020,1489,386.1,390887.0,192968.0,197919.0,160519.0,164759.0,18449.0,18921.0,12828.0,12509.0
Butler,Chlaydia,2021,1429,368.5,387671.0,191510.0,196161.0,157858.0,161994.0,18954.0,19422.0,13084.0,12662.0
Butler,Chlaydia,2022,1292,332.6,390689.0,193067.0,197622.0,157326.0,161443.0,19848.0,20284.0,13621.0,13255.0
Butler,Chlaydia,2023,1330,338.4,395593.0,195633.0,199960.0,157780.0,161711.0,20502.0,21013.0,14422.0,14029.0
Butler,Chlaydia,2024,1176,299.2,399542.0,197806.0,201736.0,157931.0,161730.0,21267.0,21658.0,15331.0,14901.0
Butler,Gonorrhoea,2020,625,129.2,390887.0,192968.0,197919.0,160519.0,164759.0,18449.0,18921.0,12828.0,12509.0
Butler,Gonorrhoea,2021,501,109.2,387671.0,191510.0,196161.0,157858.0,161994.0,18954.0,19422.0,13084.0,12662.0
Butler,Gonorrhoea,2022,424,162.1,390689.0,193067.0,197622.0,157326.0,161443.0,19848.0,20284.0,13621.0,13255.0
Butler,Gonorrhoea,2023,424,107.9,395593.0,195633.0,199960.0,157780.0,161711.0,20502.0,21013.0,14422.0,14029.0
Butler,Gonorrhoea,2024,356,90.6,399542.0,197806.0,201736.0,157931.0,161730.0,21267.0,21658.0,15331.0,14901.0
Butler,Syphillis,2020,38,9.9,390887.0,192968.0,197919.0,160519.0,164759.0,18449.0,18921.0,12828.0,12509.0
Butler,Syphillis,2021,71,18.3,387671.0,191510.0,196161.0,157858.0,161994.0,18954.0,19422.0,13084.0,12662.0
Butler,Syphillis,2022,134,34.5,390689.0,193067.0,197622.0,157326.0,161443.0,19848.0,20284.0,13621.0,13255.0
Butler,Syphillis,2023,135,34.3,395593.0,195633.0,199960.0,157780.0,161711.0,20502.0,21013.0,14422.0,14029.0
Butler,Syphillis,2024,136,34.6,399542.0,197806.0,201736.0,157931.0,161730.0,21267.0,21658.0,15331.0,14901.0
Carroll,Chlaydia,2020,36,133.8,26702.0,13575.0,13127.0,13196.0,12745.0,132.0,75.0,177.0,147.0
Carroll,Chlaydia,2021,49,183.7,26702.0,13562.0,13140.0,13151.0,12749.0,143.0,79.0,192.0,161.0
Carroll,Chlaydia,2022,55,206.3,26677.0,13546.0,13131.0,13112.0,12742.0,142.0,73.0,189.0,157.0
Carroll,Chlaydia,2023,38,142.0,26754.0,13538.0,13216.0,13060.0,12802.0,153.0,81.0,201.0,170.0
Carroll,Chlaydia,2024,30,112.1,26460.0,13368.0,13092.0,12896.0,12679.0,153.0,79.0,198.0,183.0
Carroll,Gonorrhoea,2020,9,14.9,26702.0,13575.0,13127.0,13196.0,12745.0,132.0,75.0,177.0,147.0
Carroll,Gonorrhoea,2021,14,52.5,26702.0,13562.0,13140.0,13151.0,12749.0,143.0,79.0,192.0,161.0
Carroll,Gonorrhoea,2022,10,33.5,26677.0,13546.0,13131.0,13112.0,12742.0,142.0,73.0,189.0,157.0
Carroll,Gonorrhoea,2023,4,37.5,26754.0,13538.0,13216.0,13060.0,12802.0,153.0,81.0,201.0,170.0
Carroll,Gonorrhoea,2024,10,37.4,26460.0,13368.0,13092.0,12896.0,12679.0,153.0,79.0,198.0,183.0
Carroll,Syphillis,2020,1,3.7,26702.0,13575.0,13127.0,13196.0,12745.0,132.0,75.0,177.0,147.0
Carroll,Syphillis,2021,1,3.7,26702.0,13562.0,13140.0,13151.0,12749.0,143.0,79.0,192.0,161.0
Carroll,Syphillis,2022,5,18.8,26677.0,13546.0,13131.0,13112.0,12742.0,142.0,73.0,189.0,157.0
Carroll,Syphillis,2023,3,11.2,26754.0,13538.0,13216.0,13060.0,12802.0,153.0,81.0,201.0,170.0
Carroll,Syphillis,2024,1,3.7,26460.0,13368.0,13092.0,12896.0,12679.0,153.0,79.0,198.0,183.0
Champaign,Chlaydia,2020,108,277.2,38743.0,19411.0,19332.0,18322.0,18345.0,446.0,362.0,330.0,314.0
Champaign,Chlaydia,2021,86,221.8,38800.0,19410.0,19390.0,18308.0,18392.0,456.0,349.0,353.0,338.0
Champaign,Chlaydia,2022,70,180.8,38712.0,19285.0,19427.0,18161.0,18414.0,470.0,353.0,367.0,358.0
Champaign,Chlaydia,2023,72,185.4,38857.0,19362.0,19495.0,18185.0,18402.0,485.0,376.0,375.0,344.0
Champaign,Chlaydia,2024,67,172.5,38907.0,19359.0,19548.0,18141.0,18441.0,497.0,385.0,405.0,356.0
Champaign,Gonorrhoea,2020,44,59.2,38743.0,19411.0,19332.0,18322.0,18345.0,446.0,362.0,330.0,314.0
Champaign,Gonorrhoea,2021,34,112.9,38800.0,19410.0,19390.0,18308.0,18392.0,456.0,349.0,353.0,338.0
Champaign,Gonorrhoea,2022,28,87.7,38712.0,19285.0,19427.0,18161.0,18414.0,470.0,353.0,367.0,358.0
Champaign,Gonorrhoea,2023,23,72.3,38857.0,19362.0,19495.0,18185.0,18402.0,485.0,376.0,375.0,344.0
Champaign,Gonorrhoea,2024,16,41.2,38907.0,19359.0,19548.0,18141.0,18441.0,497.0,385.0,405.0,356.0
Champaign,Syphillis,2020,9,23.1,38743.0,19411.0,19332.0,18322.0,18345.0,446.0,362.0,330.0,314.0
Champaign,Syphillis,2021,7,18.0,38800.0,19410.0,19390.0,18308.0,18392.0,456.0,349.0,353.0,338.0
Champaign,Syphillis,2022,12,31.0,38712.0,19285.0,19427.0,18161.0,18414.0,470.0,353.0,367.0,358.0
Champaign,Syphillis,2023,5,12.9,38857.0,19362.0,19495.0,18185.0,18402.0,485.0,376.0,375.0,344.0
Champaign,Syphillis,2024,6,15.4,38907.0,19359.0,19548.0,18141.0,18441.0,497.0,385.0,405.0,356.0
Clark,Chlaydia,2020,666,498.5,135894.0,66510.0,69384.0,57464.0,60151.0,6153.0,6182.0,2931.0,2394.0
Clark,Chlaydia,2021,636,468.5,135490.0,66318.0,69172.0,57121.0,59769.0,6169.0,6263.0,2981.0,2438.0
Clark,Chlaydia,2022,740,548.8,134686.0,65954.0,68732.0,56662.0,59226.0,6168.0,6347.0,3099.0,2539.0
Clark,Chlaydia,2023,678,503.7,134735.0,66036.0,68699.0,56424.0,58951.0,6380.0,6510.0,3258.0,2703.0
Clark,Chlaydia,2024,672,499.2,134985.0,66238.0,68747.0,56170.0,58708.0,6709.0,6709.0,3478.0,2840.0
Clark,Gonorrhoea,2020,457,153.0,135894.0,66510.0,69384.0,57464.0,60151.0,6153.0,6182.0,2931.0,2394.0
Clark,Gonorrhoea,2021,373,342.1,135490.0,66318.0,69172.0,57121.0,59769.0,6169.0,6263.0,2981.0,2438.0
Clark,Gonorrhoea,2022,319,274.8,134686.0,65954.0,68732.0,56662.0,59226.0,6168.0,6347.0,3099.0,2539.0
Clark,Gonorrhoea,2023,206,236.6,134735.0,66036.0,68699.0,56424.0,58951.0,6380.0,6510.0,3258.0,2703.0
Clark,Gonorrhoea,2024,179,133.0,134985.0,66238.0,68747.0,56170.0,58708.0,6709.0,6709.0,3478.0,2840.0
Clark,Syphillis,2020,81,60.6,135894.0,66510.0,69384.0,57464.0,60151.0,6153.0,6182.0,2931.0,2394.0
Clark,Syphillis,2021,115,84.7,135490.0,66318.0,69172.0,57121.0,59769.0,6169.0,6263.0,2981.0,2438.0
Clark,Syphillis,2022,130,96.4,134686.0,65954.0,68732.0,56662.0,59226.0,6168.0,6347.0,3099.0,2539.0
Clark,Syphillis,2023,50,37.1,134735.0,66036.0,68699.0,56424.0,58951.0,6380.0,6510.0,3258.0,2703.0
Clark,Syphillis,2024,48,35.7,134985.0,66238.0,68747.0,56170.0,58708.0,6709.0,6709.0,3478.0,2840.0
Clermont,Chlaydia,2020,531,256.0,208755.0,103612.0,105143.0,97903.0,99862.0,2063.0,1741.0,2608.0,2335.0
Clermont,Chlaydia,2021,557,265.4,209919.0,104101.0,105818.0,98210.0,100344.0,2209.0,1875.0,2691.0,2424.0
Clermont,Chlaydia,2022,507,240.5,210906.0,104579.0,106327.0,98444.0,100553.0,2332.0,2033.0,2827.0,2564.0
Clermont,Chlaydia,2023,502,236.8,212202.0,105164.0,107038.0,98697.0,100933.0,2471.0,2148.0,2967.0,2711.0
Clermont,Chlaydia,2024,378,178.3,214123.0,106028.0,108095.0,99191.0,101539.0,2701.0,2322.0,3121.0,2955.0
Clermont,Gonorrhoea,2020,137,66.0,208755.0,103612.0,105143.0,97903.0,99862.0,2063.0,1741.0,2608.0,2335.0
Clermont,Gonorrhoea,2021,155,43.4,209919.0,104101.0,105818.0,98210.0,100344.0,2209.0,1875.0,2691.0,2424.0
Clermont,Gonorrhoea,2022,115,73.9,210906.0,104579.0,106327.0,98444.0,100553.0,2332.0,2033.0,2827.0,2564.0
Clermont,Gonorrhoea,2023,92,54.6,212202.0,105164.0,107038.0,98697.0,100933.0,2471.0,2148.0,2967.0,2711.0
Clermont,Gonorrhoea,2024,79,37.3,214123.0,106028.0,108095.0,99191.0,101539.0,2701.0,2322.0,3121.0,2955.0
Clermont,Syphillis,2020,16,7.7,208755.0,103612.0,105143.0,97903.0,99862.0,2063.0,1741.0,2608.0,2335.0
Clermont,Syphillis,2021,18,8.6,209919.0,104101.0,105818.0,98210.0,100344.0,2209.0,1875.0,2691.0,2424.0
Clermont,Syphillis,2022,19,9.0,210906.0,104579.0,106327.0,98444.0,100553.0,2332.0,2033.0,2827.0,2564.0
Clermont,Syphillis,2023,32,15.1,212202.0,105164.0,107038.0,98697.0,100933.0,2471.0,2148.0,2967.0,2711.0
Clermont,Syphillis,2024,17,8.0,214123.0,106028.0,108095.0,99191.0,101539.0,2701.0,2322.0,3121.0,2955.0
Clinton,Chlaydia,2020,116,276.7,42035.0,20857.0,21178.0,19603.0,20071.0,534.0,409.0,425.0,370.0
Clinton,Chlaydia,2021,119,282.7,42130.0,20891.0,21239.0,19615.0,20088.0,526.0,410.0,457.0,398.0
Clinton,Chlaydia,2022,100,238.3,41902.0,20738.0,21164.0,19437.0,19965.0,519.0,411.0,528.0,443.0
Clinton,Chlaydia,2023,98,233.7,41972.0,20729.0,21243.0,19422.0,19978.0,517.0,414.0,557.0,507.0
Clinton,Chlaydia,2024,94,224.1,42019.0,20734.0,21285.0,19428.0,19970.0,496.0,405.0,597.0,593.0
Clinton,Gonorrhoea,2020,36,85.9,42035.0,20857.0,21178.0,19603.0,20071.0,534.0,409.0,425.0,370.0
Clinton,Gonorrhoea,2021,26,61.8,42130.0,20891.0,21239.0,19615.0,20088.0,526.0,410.0,457.0,398.0
Clinton,Gonorrhoea,2022,35,83.4,41902.0,20738.0,21164.0,19437.0,19965.0,519.0,411.0,528.0,443.0
Clinton,Gonorrhoea,2023,31,73.9,41972.0,20729.0,21243.0,19422.0,19978.0,517.0,414.0,557.0,507.0
Clinton,Gonorrhoea,2024,30,71.5,42019.0,20734.0,21285.0,19428.0,19970.0,496.0,405.0,597.0,593.0
Clinton,Syphillis,2020,2,4.8,42035.0,20857.0,21178.0,19603.0,20071.0,534.0,409.0,425.0,370.0
Clinton,Syphillis,2021,5,11.9,42130.0,20891.0,21239.0,19615.0,20088.0,526.0,410.0,457.0,398.0
Clinton,Syphillis,2022,10,23.8,41902.0,20738.0,21164.0,19437.0,19965.0,519.0,411.0,528.0,443.0
Clinton,Syphillis,2023,7,16.7,41972.0,20729.0,21243.0,19422.0,19978.0,517.0,414.0,557.0,507.0
Clinton,Syphillis,2024,4,9.5,42019.0,20734.0,21285.0,19428.0,19970.0,496.0,405.0,597.0,593.0
Columbiana,Chlaydia,2020,228,225.5,101650.0,51685.0,49965.0,48439.0,48262.0,1968.0,593.0,1148.0,649.0
Columbiana,Chlaydia,2021,216,213.3,101372.0,51580.0,49792.0,48279.0,48070.0,1984.0,586.0,1180.0,682.0
Columbiana,Chlaydia,2022,164,163.2,100537.0,51174.0,49363.0,47828.0,47627.0,2020.0,611.0,1202.0,700.0
Columbiana,Chlaydia,2023,212,211.6,100137.0,51013.0,49124.0,47614.0,47353.0,2031.0,603.0,1251.0,753.0
Columbiana,Chlaydia,2024,143,142.7,99823.0,50871.0,48952.0,47404.0,47134.0,2061.0,599.0,1283.0,771.0
Columbiana,Gonorrhoea,2020,62,37.9,101650.0,51685.0,49965.0,48439.0,48262.0,1968.0,593.0,1148.0,649.0
Columbiana,Gonorrhoea,2021,59,61.3,101372.0,51580.0,49792.0,48279.0,48070.0,1984.0,586.0,1180.0,682.0
Columbiana,Gonorrhoea,2022,35,58.3,100537.0,51174.0,49363.0,47828.0,47627.0,2020.0,611.0,1202.0,700.0
Columbiana,Gonorrhoea,2023,38,34.8,100137.0,51013.0,49124.0,47614.0,47353.0,2031.0,603.0,1251.0,753.0
Columbiana,Gonorrhoea,2024,36,35.9,99823.0,50871.0,48952.0,47404.0,47134.0,2061.0,599.0,1283.0,771.0
Columbiana,Syphillis,2020,6,5.9,101650.0,51685.0,49965.0,48439.0,48262.0,1968.0,593.0,1148.0,649.0
Columbiana,Syphillis,2021,9,8.9,101372.0,51580.0,49792.0,48279.0,48070.0,1984.0,586.0,1180.0,682.0
Columbiana,Syphillis,2022,13,12.9,100537.0,51174.0,49363.0,47828.0,47627.0,2020.0,611.0,1202.0,700.0
Columbiana,Syphillis,2023,11,11.0,100137.0,51013.0,49124.0,47614.0,47353.0,2031.0,603.0,1251.0,753.0
Columbiana,Syphillis,2024,8,8.0,99823.0,50871.0,48952.0,47404.0,47134.0,2061.0,599.0,1283.0,771.0
Coshocton,Chlaydia,2020,87,238.7,36595.0,18285.0,18310.0,17646.0,17647.0,220.0,211.0,219.0,208.0
Coshocton,Chlaydia,2021,93,254.0,36674.0,18299.0,18375.0,17640.0,17697.0,228.0,210.0,226.0,232.0
Coshocton,Chlaydia,2022,101,276.2,36583.0,18234.0,18349.0,17547.0,17638.0,237.0,211.0,233.0,242.0
Coshocton,Chlaydia,2023,86,233.3,36866.0,18432.0,18434.0,17719.0,17712.0,242.0,209.0,243.0,261.0
Coshocton,Chlaydia,2024,68,184.4,37003.0,18491.0,18512.0,17741.0,17774.0,264.0,206.0,252.0,275.0
Coshocton,Gonorrhoea,2020,27,46.4,36595.0,18285.0,18310.0,17646.0,17647.0,220.0,211.0,219.0,208.0
Coshocton,Gonorrhoea,2021,17,40.7,36674.0,18299.0,18375.0,17640.0,17697.0,228.0,210.0,226.0,232.0
Coshocton,Gonorrhoea,2022,17,74.1,36583.0,18234.0,18349.0,17547.0,17638.0,237.0,211.0,233.0,242.0
Coshocton,Gonorrhoea,2023,15,46.5,36866.0,18432.0,18434.0,17719.0,17712.0,242.0,209.0,243.0,261.0
Coshocton,Gonorrhoea,2024,9,24.4,37003.0,18491.0,18512.0,17741.0,17774.0,264.0,206.0,252.0,275.0
Coshocton,Syphillis,2020,2,5.5,36595.0,18285.0,18310.0,17646.0,17647.0,220.0,211.0,219.0,208.0
Coshocton,Syphillis,2021,1,2.7,36674.0,18299.0,18375.0,17640.0,17697.0,228.0,210.0,226.0,232.0
Coshocton,Syphillis,2022,2,5.5,36583.0,18234.0,18349.0,17547.0,17638.0,237.0,211.0,233.0,242.0
Coshocton,Syphillis,2023,2,5.4,36866.0,18432.0,18434.0,17719.0,17712.0,242.0,209.0,243.0,261.0
Coshocton,Syphillis,2024,2,5.4,37003.0,18491.0,18512.0,17741.0,17774.0,264.0,206.0,252.0,275.0
Crawford,Chlaydia,2020,128,309.6,42015.0,20725.0,21290.0,19924.0,20660.0,280.0,179.0,340.0,330.0
Crawford,Chlaydia,2021,145,346.9,41793.0,20596.0,21197.0,19746.0,20544.0,301.0,199.0,354.0,364.0
Crawford,Chlaydia,2022,88,211.9,41532.0,20477.0,21055.0,19564.0,20372.0,319.0,209.0,399.0,354.0
Crawford,Chlaydia,2023,87,209.5,41591.0,20523.0,21068.0,19546.0,20358.0,317.0,199.0,443.0,377.0
Crawford,Chlaydia,2024,112,269.7,41626.0,20552.0,21074.0,19502.0,20327.0,312.0,196.0,455.0,402.0
Crawford,Gonorrhoea,2020,32,64.6,42015.0,20725.0,21290.0,19924.0,20660.0,280.0,179.0,340.0,330.0
Crawford,Gonorrhoea,2021,27,77.1,41793.0,20596.0,21197.0,19746.0,20544.0,301.0,199.0,354.0,364.0
Crawford,Gonorrhoea,2022,32,62.6,41532.0,20477.0,21055.0,19564.0,20372.0,319.0,209.0,399.0,354.0
Crawford,Gonorrhoea,2023,26,77.4,41591.0,20523.0,21068.0,19546.0,20358.0,317.0,199.0,443.0,377.0
Crawford,Gonorrhoea,2024,17,40.9,41626.0,20552.0,21074.0,19502.0,20327.0,312.0,196.0,455.0,402.0
Crawford,Syphillis,2020,3,7.3,42015.0,20725.0,21290.0,19924.0,20660.0,280.0,179.0,340.0,330.0
Crawford,Syphillis,2021,3,7.2,41793.0,20596.0,21197.0,19746.0,20544.0,301.0,199.0,354.0,364.0
Crawford,Syphillis,2022,4,9.6,41532.0,20477.0,21055.0,19564.0,20372.0,319.0,209.0,399.0,354.0
Crawford,Syphillis,2023,4,9.6,41591.0,20523.0,21068.0,19546.0,20358.0,317.0,199.0,443.0,377.0
Crawford,Syphillis,2024,11,26.5,41626.0,20552.0,21074.0,19502.0,20327.0,312.0,196.0,455.0,402.0
Cuyahoga,Chlaydia,2020,10941,891.0,1262635.0,606292.0,656343.0,391533.0,406732.0,176834.0,209531.0,41212.0,42317.0
Cuyahoga,Chlaydia,2021,10510,842.3,1247735.0,598678.0,649057.0,385726.0,401043.0,174671.0,207595.0,41693.0,42877.0
Cuyahoga,Chlaydia,2022,9086,735.1,1239720.0,595037.0,644683.0,382864.0,397566.0,172896.0,205598.0,42667.0,43994.0
Cuyahoga,Chlaydia,2023,9636,781.5,1238679.0,594245.0,644434.0,382188.0,396785.0,171672.0,204887.0,44351.0,45461.0
Cuyahoga,Chlaydia,2024,9479,768.7,1240594.0,595277.0,645317.0,381474.0,396181.0,171648.0,204723.0,46114.0,46959.0
Cuyahoga,Gonorrhoea,2020,6960,566.8,1262635.0,606292.0,656343.0,391533.0,406732.0,176834.0,209531.0,41212.0,42317.0
Cuyahoga,Gonorrhoea,2021,6600,346.6,1247735.0,598678.0,649057.0,385726.0,401043.0,174671.0,207595.0,41693.0,42877.0
Cuyahoga,Gonorrhoea,2022,4284,528.9,1239720.0,595037.0,644683.0,382864.0,397566.0,172896.0,205598.0,42667.0,43994.0
Cuyahoga,Gonorrhoea,2023,4135,335.3,1238679.0,594245.0,644434.0,382188.0,396785.0,171672.0,204887.0,44351.0,45461.0
Cuyahoga,Gonorrhoea,2024,3959,321.1,1240594.0,595277.0,645317.0,381474.0,396181.0,171648.0,204723.0,46114.0,46959.0
Cuyahoga,Syphillis,2020,523,42.6,1262635.0,606292.0,656343.0,391533.0,406732.0,176834.0,209531.0,41212.0,42317.0
Cuyahoga,Syphillis,2021,741,59.4,1247735.0,598678.0,649057.0,385726.0,401043.0,174671.0,207595.0,41693.0,42877.0
Cuyahoga,Syphillis,2022,823,66.6,1239720.0,595037.0,644683.0,382864.0,397566.0,172896.0,205598.0,42667.0,43994.0
Cuyahoga,Syphillis,2023,777,63.0,1238679.0,594245.0,644434.0,382188.0,396785.0,171672.0,204887.0,44351.0,45461.0
Cuyahoga,Syphillis,2024,642,52.1,1240594.0,595277.0,645317.0,381474.0,396181.0,171648.0,204723.0,46114.0,46959.0
Darke,Chlaydia,2020,111,216.8,51897.0,25941.0,25956.0,25194.0,25209.0,213.0,165.0,453.0,428.0
Darke,Chlaydia,2021,103,199.4,51655.0,25824.0,25831.0,25060.0,25097.0,223.0,160.0,469.0,454.0
Darke,Chlaydia,2022,104,201.8,51526.0,25733.0,25793.0,24886.0,24991.0,240.0,174.0,506.0,474.0
Darke,Chlaydia,2023,87,169.2,51432.0,25671.0,25761.0,24765.0,24925.0,280.0,191.0,530.0,483.0
Darke,Chlaydia,2024,77,149.8,51462.0,25677.0,25785.0,24738.0,24911.0,271.0,185.0,534.0,496.0
Darke,Gonorrhoea,2020,21,44.7,51897.0,25941.0,25956.0,25194.0,25209.0,213.0,165.0,453.0,428.0
Darke,Gonorrhoea,2021,30,41.0,51655.0,25824.0,25831.0,25060.0,25097.0,223.0,160.0,469.0,454.0
Darke,Gonorrhoea,2022,24,46.6,51526.0,25733.0,25793.0,24886.0,24991.0,240.0,174.0,506.0,474.0
Darke,Gonorrhoea,2023,23,58.1,51432.0,25671.0,25761.0,24765.0,24925.0,280.0,191.0,530.0,483.0
Darke,Gonorrhoea,2024,15,29.2,51462.0,25677.0,25785.0,24738.0,24911.0,271.0,185.0,534.0,496.0
Darke,Syphillis,2020,2,3.9,51897.0,25941.0,25956.0,25194.0,25209.0,213.0,165.0,453.0,428.0
Darke,Syphillis,2021,5,9.7,51655.0,25824.0,25831.0,25060.0,25097.0,223.0,160.0,469.0,454.0
Darke,Syphillis,2022,6,11.6,51526.0,25733.0,25793.0,24886.0,24991.0,240.0,174.0,506.0,474.0
Darke,Syphillis,2023,2,3.9,51432.0,25671.0,25761.0,24765.0,24925.0,280.0,191.0,530.0,483.0
Darke,Syphillis,2024,1,1.9,51462.0,25677.0,25785.0,24738.0,24911.0,271.0,185.0,534.0,496.0
Defiance,Chlaydia,2020,160,423.5,38267.0,19163.0,19104.0,18186.0,18235.0,485.0,362.0,2078.0,1889.0
Defiance,Chlaydia,2021,135,353.3,38182.0,19124.0,19058.0,18126.0,18162.0,501.0,375.0,2131.0,1925.0
Defiance,Chlaydia,2022,155,405.9,38183.0,19184.0,18999.0,18130.0,18090.0,495.0,366.0,2260.0,1974.0
Defiance,Chlaydia,2023,151,394.1,38437.0,19368.0,19069.0,18230.0,18133.0,535.0,362.0,2410.0,1999.0
Defiance,Chlaydia,2024,113,294.9,38644.0,19587.0,19057.0,18350.0,18109.0,582.0,369.0,2635.0,2040.0
Defiance,Gonorrhoea,2020,28,39.1,38267.0,19163.0,19104.0,18186.0,18235.0,485.0,362.0,2078.0,1889.0
Defiance,Gonorrhoea,2021,29,75.9,38182.0,19124.0,19058.0,18126.0,18162.0,501.0,375.0,2131.0,1925.0
Defiance,Gonorrhoea,2022,24,74.1,38183.0,19184.0,18999.0,18130.0,18090.0,495.0,366.0,2260.0,1974.0
Defiance,Gonorrhoea,2023,15,62.8,38437.0,19368.0,19069.0,18230.0,18133.0,535.0,362.0,2410.0,1999.0
Defiance,Gonorrhoea,2024,12,31.3,38644.0,19587.0,19057.0,18350.0,18109.0,582.0,369.0,2635.0,2040.0
Defiance,Syphillis,2020,4,10.6,38267.0,19163.0,19104.0,18186.0,18235.0,485.0,362.0,2078.0,1889.0
Defiance,Syphillis,2021,0,0.0,38182.0,19124.0,19058.0,18126.0,18162.0,501.0,375.0,2131.0,1925.0
Defiance,Syphillis,2022,0,0.0,38183.0,19184.0,18999.0,18130.0,18090.0,495.0,366.0,2260.0,1974.0
Defiance,Syphillis,2023,3,7.8,38437.0,19368.0,19069.0,18230.0,18133.0,535.0,362.0,2410.0,1999.0
Defiance,Syphillis,2024,4,10.4,38644.0,19587.0,19057.0,18350.0,18109.0,582.0,369.0,2635.0,2040.0
Delaware,Chlaydia,2020,434,203.2,215162.0,107648.0,107514.0,91450.0,91979.0,4701.0,4183.0,3664.0,3348.0
Delaware,Chlaydia,2021,433,195.8,221304.0,110737.0,110567.0,93357.0,93972.0,5105.0,4553.0,3852.0,3482.0
Delaware,Chlaydia,2022,437,193.1,227008.0,113492.0,113516.0,94499.0,95354.0,5587.0,4994.0,4126.0,3757.0
Delaware,Chlaydia,2023,480,207.2,232732.0,116448.0,116284.0,95871.0,96527.0,6002.0,5324.0,4329.0,4003.0
Delaware,Chlaydia,2024,342,147.6,237966.0,119015.0,118951.0,96781.0,97700.0,6492.0,5707.0,4611.0,4323.0
Delaware,Gonorrhoea,2020,94,45.8,215162.0,107648.0,107514.0,91450.0,91979.0,4701.0,4183.0,3664.0,3348.0
Delaware,Gonorrhoea,2021,126,44.0,221304.0,110737.0,110567.0,93357.0,93972.0,5105.0,4553.0,3852.0,3482.0
Delaware,Gonorrhoea,2022,109,57.0,227008.0,113492.0,113516.0,94499.0,95354.0,5587.0,4994.0,4126.0,3757.0
Delaware,Gonorrhoea,2023,106,48.2,232732.0,116448.0,116284.0,95871.0,96527.0,6002.0,5324.0,4329.0,4003.0
Delaware,Gonorrhoea,2024,104,44.9,237966.0,119015.0,118951.0,96781.0,97700.0,6492.0,5707.0,4611.0,4323.0
Delaware,Syphillis,2020,17,8.0,215162.0,107648.0,107514.0,91450.0,91979.0,4701.0,4183.0,3664.0,3348.0
Delaware,Syphillis,2021,26,11.8,221304.0,110737.0,110567.0,93357.0,93972.0,5105.0,4553.0,3852.0,3482.0
Delaware,Syphillis,2022,56,24.7,227008.0,113492.0,113516.0,94499.0,95354.0,5587.0,4994.0,4126.0,3757.0
Delaware,Syphillis,2023,36,15.5,232732.0,116448.0,116284.0,95871.0,96527.0,6002.0,5324.0,4329.0,4003.0
Delaware,Syphillis,2024,33,14.2,237966.0,119015.0,118951.0,96781.0,97700.0,6492.0,5707.0,4611.0,4323.0
Erie,Chlaydia,2020,371,503.3,75482.0,37070.0,38412.0,31942.0,33174.0,3458.0,3462.0,1725.0,1475.0
Erie,Chlaydia,2021,389,519.2,74894.0,36885.0,38009.0,31744.0,32816.0,3398.0,3377.0,1771.0,1483.0
Erie,Chlaydia,2022,343,460.4,74563.0,36682.0,37881.0,31484.0,32664.0,3384.0,3355.0,1803.0,1583.0
Erie,Chlaydia,2023,280,378.2,74125.0,36409.0,37716.0,31191.0,32486.0,3367.0,3348.0,1883.0,1646.0
Erie,Chlaydia,2024,270,364.7,73841.0,36163.0,37678.0,30938.0,32355.0,3325.0,3349.0,1952.0,1726.0
Erie,Gonorrhoea,2020,186,121.6,75482.0,37070.0,38412.0,31942.0,33174.0,3458.0,3462.0,1725.0,1475.0
Erie,Gonorrhoea,2021,159,183.9,74894.0,36885.0,38009.0,31744.0,32816.0,3398.0,3377.0,1771.0,1483.0
Erie,Gonorrhoea,2022,137,252.3,74563.0,36682.0,37881.0,31484.0,32664.0,3384.0,3355.0,1803.0,1583.0
Erie,Gonorrhoea,2023,90,212.2,74125.0,36409.0,37716.0,31191.0,32486.0,3367.0,3348.0,1883.0,1646.0
Erie,Gonorrhoea,2024,89,120.2,73841.0,36163.0,37678.0,30938.0,32355.0,3325.0,3349.0,1952.0,1726.0
Erie,Syphillis,2020,12,16.3,75482.0,37070.0,38412.0,31942.0,33174.0,3458.0,3462.0,1725.0,1475.0
Erie,Syphillis,2021,9,12.0,74894.0,36885.0,38009.0,31744.0,32816.0,3398.0,3377.0,1771.0,1483.0
Erie,Syphillis,2022,13,17.4,74563.0,36682.0,37881.0,31484.0,32664.0,3384.0,3355.0,1803.0,1583.0
Erie,Syphillis,2023,14,18.9,74125.0,36409.0,37716.0,31191.0,32486.0,3367.0,3348.0,1883.0,1646.0
Erie,Syphillis,2024,14,18.9,73841.0,36163.0,37678.0,30938.0,32355.0,3325.0,3349.0,1952.0,1726.0
Fairfield,Chlaydia,2020,524,328.1,159464.0,79554.0,79910.0,68096.0,68723.0,7696.0,7252.0,2090.0,2012.0
Fairfield,Chlaydia,2021,491,304.6,161245.0,80654.0,80591.0,68344.0,68799.0,8291.0,7585.0,2216.0,2090.0
Fairfield,Chlaydia,2022,443,271.9,163166.0,81476.0,81690.0,68021.0,68725.0,8831.0,8131.0,2278.0,2204.0
Fairfield,Chlaydia,2023,470,284.2,165630.0,82782.0,82848.0,68259.0,68806.0,9408.0,8650.0,2408.0,2319.0
Fairfield,Chlaydia,2024,414,250.4,167762.0,83804.0,83958.0,68178.0,68792.0,9895.0,9158.0,2476.0,2450.0
Fairfield,Gonorrhoea,2020,159,99.6,159464.0,79554.0,79910.0,68096.0,68723.0,7696.0,7252.0,2090.0,2012.0
Fairfield,Gonorrhoea,2021,158,98.0,161245.0,80654.0,80591.0,68344.0,68799.0,8291.0,7585.0,2216.0,2090.0
Fairfield,Gonorrhoea,2022,134,82.3,163166.0,81476.0,81690.0,68021.0,68725.0,8831.0,8131.0,2278.0,2204.0
Fairfield,Gonorrhoea,2023,117,70.8,165630.0,82782.0,82848.0,68259.0,68806.0,9408.0,8650.0,2408.0,2319.0
Fairfield,Gonorrhoea,2024,103,62.3,167762.0,83804.0,83958.0,68178.0,68792.0,9895.0,9158.0,2476.0,2450.0
Fairfield,Syphillis,2020,14,8.8,159464.0,79554.0,79910.0,68096.0,68723.0,7696.0,7252.0,2090.0,2012.0
Fairfield,Syphillis,2021,40,24.8,161245.0,80654.0,80591.0,68344.0,68799.0,8291.0,7585.0,2216.0,2090.0
Fairfield,Syphillis,2022,52,31.9,163166.0,81476.0,81690.0,68021.0,68725.0,8831.0,8131.0,2278.0,2204.0
Fairfield,Syphillis,2023,46,27.8,165630.0,82782.0,82848.0,68259.0,68806.0,9408.0,8650.0,2408.0,2319.0
Fairfield,Syphillis,2024,30,18.1,167762.0,83804.0,83958.0,68178.0,68792.0,9895.0,9158.0,2476.0,2450.0
Fayette,Chlaydia,2020,82,286.9,28978.0,14344.0,14634.0,13382.0,13799.0,433.0,295.0,380.0,298.0
Fayette,Chlaydia,2021,97,335.3,28935.0,14259.0,14676.0,13266.0,13796.0,438.0,308.0,395.0,320.0
Fayette,Chlaydia,2022,55,190.7,28856.0,14195.0,14661.0,13221.0,13729.0,413.0,306.0,412.0,319.0
Fayette,Chlaydia,2023,59,204.7,28831.0,14135.0,14696.0,13158.0,13762.0,416.0,315.0,415.0,318.0
Fayette,Chlaydia,2024,61,211.7,28782.0,14135.0,14647.0,13141.0,13709.0,431.0,320.0,434.0,318.0
Fayette,Gonorrhoea,2020,19,24.3,28978.0,14344.0,14634.0,13382.0,13799.0,433.0,295.0,380.0,298.0
Fayette,Gonorrhoea,2021,25,62.4,28935.0,14259.0,14676.0,13266.0,13796.0,438.0,308.0,395.0,320.0
Fayette,Gonorrhoea,2022,18,86.4,28856.0,14195.0,14661.0,13221.0,13729.0,413.0,306.0,412.0,319.0
Fayette,Gonorrhoea,2023,7,66.5,28831.0,14135.0,14696.0,13158.0,13762.0,416.0,315.0,415.0,318.0
Fayette,Gonorrhoea,2024,3,10.4,28782.0,14135.0,14647.0,13141.0,13709.0,431.0,320.0,434.0,318.0
Fayette,Syphillis,2020,1,3.5,28978.0,14344.0,14634.0,13382.0,13799.0,433.0,295.0,380.0,298.0
Fayette,Syphillis,2021,8,27.7,28935.0,14259.0,14676.0,13266.0,13796.0,438.0,308.0,395.0,320.0
Fayette,Syphillis,2022,13,45.1,28856.0,14195.0,14661.0,13221.0,13729.0,413.0,306.0,412.0,319.0
Fayette,Syphillis,2023,5,17.4,28831.0,14135.0,14696.0,13158.0,13762.0,416.0,315.0,415.0,318.0
Fayette,Syphillis,2024,2,6.9,28782.0,14135.0,14647.0,13141.0,13709.0,431.0,320.0,434.0,318.0
Franklin,Chlaydia,2020,9061,684.0,1324505.0,650866.0,673639.0,434299.0,442534.0,153017.0,165709.0,47246.0,44098.0
Franklin,Chlaydia,2021,9130,692.9,1317840.0,647402.0,670438.0,427989.0,436738.0,155165.0,167650.0,48164.0,45053.0
Franklin,Chlaydia,2022,9488,717.8,1327687.0,652051.0,675636.0,426791.0,435595.0,159330.0,171863.0,50153.0,47043.0
Franklin,Chlaydia,2023,10039,757.1,1338903.0,657569.0,681334.0,426522.0,435328.0,163209.0,175781.0,53828.0,50398.0
Franklin,Chlaydia,2024,8809,664.3,1356303.0,666566.0,689737.0,428464.0,436425.0,167304.0,180001.0,57879.0,53872.0
Franklin,Gonorrhoea,2020,4885,354.1,1324505.0,650866.0,673639.0,434299.0,442534.0,153017.0,165709.0,47246.0,44098.0
Franklin,Gonorrhoea,2021,4791,321.0,1317840.0,647402.0,670438.0,427989.0,436738.0,155165.0,167650.0,48164.0,45053.0
Franklin,Gonorrhoea,2022,4681,368.8,1327687.0,652051.0,675636.0,426791.0,435595.0,159330.0,171863.0,50153.0,47043.0
Franklin,Gonorrhoea,2023,4256,363.6,1338903.0,657569.0,681334.0,426522.0,435328.0,163209.0,175781.0,53828.0,50398.0
Franklin,Gonorrhoea,2024,3412,257.3,1356303.0,666566.0,689737.0,428464.0,436425.0,167304.0,180001.0,57879.0,53872.0
Franklin,Syphillis,2020,628,47.4,1324505.0,650866.0,673639.0,434299.0,442534.0,153017.0,165709.0,47246.0,44098.0
Franklin,Syphillis,2021,1306,99.1,1317840.0,647402.0,670438.0,427989.0,436738.0,155165.0,167650.0,48164.0,45053.0
Franklin,Syphillis,2022,1668,126.2,1327687.0,652051.0,675636.0,426791.0,435595.0,159330.0,171863.0,50153.0,47043.0
Franklin,Syphillis,2023,1332,100.4,1338903.0,657569.0,681334.0,426522.0,435328.0,163209.0,175781.0,53828.0,50398.0
Franklin,Syphillis,2024,1134,85.5,1356303.0,666566.0,689737.0,428464.0,436425.0,167304.0,180001.0,57879.0,53872.0
Fulton,Chlaydia,2020,99,236.3,42640.0,21299.0,21341.0,20557.0,20678.0,208.0,159.0,1960.0,1853.0
Fulton,Chlaydia,2021,109,256.6,42500.0,21275.0,21225.0,20474.0,20526.0,232.0,173.0,2007.0,1886.0
Fulton,Chlaydia,2022,123,291.7,42083.0,21072.0,21011.0,20228.0,20252.0,250.0,176.0,2056.0,1852.0
Fulton,Chlaydia,2023,78,185.7,41951.0,21013.0,20938.0,20147.0,20158.0,249.0,186.0,2103.0,1862.0
Fulton,Chlaydia,2024,79,188.1,42028.0,21091.0,20937.0,20175.0,20146.0,259.0,196.0,2221.0,1889.0
Fulton,Gonorrhoea,2020,17,40.6,42640.0,21299.0,21341.0,20557.0,20678.0,208.0,159.0,1960.0,1853.0
Fulton,Gonorrhoea,2021,15,37.9,42500.0,21275.0,21225.0,20474.0,20526.0,232.0,173.0,2007.0,1886.0
Fulton,Gonorrhoea,2022,16,26.2,42083.0,21072.0,21011.0,20228.0,20252.0,250.0,176.0,2056.0,1852.0
Fulton,Gonorrhoea,2023,11,35.3,41951.0,21013.0,20938.0,20147.0,20158.0,249.0,186.0,2103.0,1862.0
Fulton,Gonorrhoea,2024,7,16.7,42028.0,21091.0,20937.0,20175.0,20146.0,259.0,196.0,2221.0,1889.0
Fulton,Syphillis,2020,2,4.8,42640.0,21299.0,21341.0,20557.0,20678.0,208.0,159.0,1960.0,1853.0
Fulton,Syphillis,2021,1,2.4,42500.0,21275.0,21225.0,20474.0,20526.0,232.0,173.0,2007.0,1886.0
Fulton,Syphillis,2022,5,11.9,42083.0,21072.0,21011.0,20228.0,20252.0,250.0,176.0,2056.0,1852.0
Fulton,Syphillis,2023,2,4.8,41951.0,21013.0,20938.0,20147.0,20158.0,249.0,186.0,2103.0,1862.0
Fulton,Syphillis,2024,5,11.9,42028.0,21091.0,20937.0,20175.0,20146.0,259.0,196.0,2221.0,1889.0
Gallia,Chlaydia,2020,49,164.4,29240.0,14582.0,14658.0,13640.0,13941.0,393.0,290.0,128.0,142.0
Gallia,Chlaydia,2021,62,212.2,29235.0,14570.0,14665.0,13624.0,13960.0,379.0,280.0,141.0,144.0
Gallia,Chlaydia,2022,88,302.7,29014.0,14492.0,14522.0,13541.0,13828.0,374.0,270.0,158.0,154.0
Gallia,Chlaydia,2023,82,282.9,28964.0,14508.0,14456.0,13536.0,13759.0,375.0,266.0,169.0,159.0
Gallia,Chlaydia,2024,59,203.5,28886.0,14469.0,14417.0,13507.0,13746.0,367.0,256.0,182.0,164.0
Gallia,Gonorrhoea,2020,11,44.7,29240.0,14582.0,14658.0,13640.0,13941.0,393.0,290.0,128.0,142.0
Gallia,Gonorrhoea,2021,8,48.3,29235.0,14570.0,14665.0,13624.0,13960.0,379.0,280.0,141.0,144.0
Gallia,Gonorrhoea,2022,13,27.4,29014.0,14492.0,14522.0,13541.0,13828.0,374.0,270.0,158.0,154.0
Gallia,Gonorrhoea,2023,14,36.9,28964.0,14508.0,14456.0,13536.0,13759.0,375.0,266.0,169.0,159.0
Gallia,Gonorrhoea,2024,4,13.8,28886.0,14469.0,14417.0,13507.0,13746.0,367.0,256.0,182.0,164.0
Gallia,Syphillis,2020,2,6.7,29240.0,14582.0,14658.0,13640.0,13941.0,393.0,290.0,128.0,142.0
Gallia,Syphillis,2021,1,3.4,29235.0,14570.0,14665.0,13624.0,13960.0,379.0,280.0,141.0,144.0
Gallia,Syphillis,2022,3,10.3,29014.0,14492.0,14522.0,13541.0,13828.0,374.0,270.0,158.0,154.0
Gallia,Syphillis,2023,5,17.2,28964.0,14508.0,14456.0,13536.0,13759.0,375.0,266.0,169.0,159.0
Gallia,Syphillis,2024,8,27.6,28886.0,14469.0,14417.0,13507.0,13746.0,367.0,256.0,182.0,164.0
Geauga,Chlaydia,2020,161,172.6,95385.0,47774.0,47611.0,46295.0,46076.0,602.0,618.0,867.0,804.0
Geauga,Chlaydia,2021,150,156.8,95716.0,48036.0,47680.0,46460.0,46079.0,647.0,633.0,910.0,852.0
Geauga,Chlaydia,2022,126,132.0,95552.0,47951.0,47601.0,46271.0,45981.0,662.0,656.0,1021.0,872.0
Geauga,Chlaydia,2023,84,88.0,95389.0,47913.0,47476.0,46194.0,45840.0,672.0,641.0,1052.0,895.0
Geauga,Chlaydia,2024,91,95.4,95362.0,47822.0,47540.0,46028.0,45885.0,715.0,655.0,1109.0,965.0
Geauga,Gonorrhoea,2020,31,19.9,95385.0,47774.0,47611.0,46295.0,46076.0,602.0,618.0,867.0,804.0
Geauga,Gonorrhoea,2021,23,24.0,95716.0,48036.0,47680.0,46460.0,46079.0,647.0,633.0,910.0,852.0
Geauga,Gonorrhoea,2022,22,23.0,95552.0,47951.0,47601.0,46271.0,45981.0,662.0,656.0,1021.0,872.0
Geauga,Gonorrhoea,2023,19,33.2,95389.0,47913.0,47476.0,46194.0,45840.0,672.0,641.0,1052.0,895.0
Geauga,Gonorrhoea,2024,26,27.3,95362.0,47822.0,47540.0,46028.0,45885.0,715.0,655.0,1109.0,965.0
Geauga,Syphillis,2020,3,3.2,95385.0,47774.0,47611.0,46295.0,46076.0,602.0,618.0,867.0,804.0
Geauga,Syphillis,2021,2,2.1,95716.0,48036.0,47680.0,46460.0,46079.0,647.0,633.0,910.0,852.0
Geauga,Syphillis,2022,9,9.4,95552.0,47951.0,47601.0,46271.0,45981.0,662.0,656.0,1021.0,872.0
Geauga,Syphillis,2023,6,6.3,95389.0,47913.0,47476.0,46194.0,45840.0,672.0,641.0,1052.0,895.0
Geauga,Syphillis,2024,3,3.1,95362.0,47822.0,47540.0,46028.0,45885.0,715.0,655.0,1109.0,965.0
Greene,Chlaydia,2020,574,337.4,168130.0,83426.0,84704.0,71958.0,72485.0,5967.0,6254.0,2652.0,2626.0
Greene,Chlaydia,2021,509,303.6,168250.0,83580.0,84670.0,72019.0,72445.0,5940.0,6194.0,2754.0,2636.0
Greene,Chlaydia,2022,566,336.0,169380.0,84009.0,85371.0,72277.0,72935.0,6041.0,6362.0,2826.0,2784.0
Greene,Chlaydia,2023,508,299.4,170335.0,84558.0,85777.0,72540.0,73097.0,6084.0,6474.0,2975.0,2810.0
Greene,Chlaydia,2024,461,271.7,172347.0,85593.0,86754.0,73152.0,73677.0,6227.0,6600.0,3072.0,2936.0
Greene,Gonorrhoea,2020,255,149.9,168130.0,83426.0,84704.0,71958.0,72485.0,5967.0,6254.0,2652.0,2626.0
Greene,Gonorrhoea,2021,161,96.0,168250.0,83580.0,84670.0,72019.0,72445.0,5940.0,6194.0,2754.0,2636.0
Greene,Gonorrhoea,2022,187,111.0,169380.0,84009.0,85371.0,72277.0,72935.0,6041.0,6362.0,2826.0,2784.0
Greene,Gonorrhoea,2023,148,87.2,170335.0,84558.0,85777.0,72540.0,73097.0,6084.0,6474.0,2975.0,2810.0
Greene,Gonorrhoea,2024,105,61.9,172347.0,85593.0,86754.0,73152.0,73677.0,6227.0,6600.0,3072.0,2936.0
Greene,Syphillis,2020,21,12.3,168130.0,83426.0,84704.0,71958.0,72485.0,5967.0,6254.0,2652.0,2626.0
Greene,Syphillis,2021,20,11.9,168250.0,83580.0,84670.0,72019.0,72445.0,5940.0,6194.0,2754.0,2636.0
Greene,Syphillis,2022,44,26.1,169380.0,84009.0,85371.0,72277.0,72935.0,6041.0,6362.0,2826.0,2784.0
Greene,Syphillis,2023,32,18.9,170335.0,84558.0,85777.0,72540.0,73097.0,6084.0,6474.0,2975.0,2810.0
Greene,Syphillis,2024,9,5.3,172347.0,85593.0,86754.0,73152.0,73677.0,6227.0,6600.0,3072.0,2936.0
Guernsey,Chlaydia,2020,130,335.2,38419.0,19306.0,19113.0,18365.0,18307.0,381.0,235.0,238.0,229.0
Guernsey,Chlaydia,2021,116,303.2,38283.0,19170.0,19113.0,18203.0,18295.0,397.0,243.0,248.0,254.0
Guernsey,Chlaydia,2022,118,309.7,38069.0,18996.0,19073.0,18021.0,18235.0,387.0,251.0,250.0,256.0
Guernsey,Chlaydia,2023,152,399.1,38126.0,18979.0,19147.0,17975.0,18313.0,402.0,244.0,260.0,277.0
Guernsey,Chlaydia,2024,87,228.4,38219.0,19036.0,19183.0,18000.0,18325.0,416.0,251.0,288.0,298.0
Guernsey,Gonorrhoea,2020,35,49.9,38419.0,19306.0,19113.0,18365.0,18307.0,381.0,235.0,238.0,229.0
Guernsey,Gonorrhoea,2021,37,90.3,38283.0,19170.0,19113.0,18203.0,18295.0,397.0,243.0,248.0,254.0
Guernsey,Gonorrhoea,2022,19,39.4,38069.0,18996.0,19073.0,18021.0,18235.0,387.0,251.0,250.0,256.0
Guernsey,Gonorrhoea,2023,15,96.7,38126.0,18979.0,19147.0,17975.0,18313.0,402.0,244.0,260.0,277.0
Guernsey,Gonorrhoea,2024,15,39.4,38219.0,19036.0,19183.0,18000.0,18325.0,416.0,251.0,288.0,298.0
Guernsey,Syphillis,2020,3,7.7,38419.0,19306.0,19113.0,18365.0,18307.0,381.0,235.0,238.0,229.0
Guernsey,Syphillis,2021,8,20.9,38283.0,19170.0,19113.0,18203.0,18295.0,397.0,243.0,248.0,254.0
Guernsey,Syphillis,2022,9,23.6,38069.0,18996.0,19073.0,18021.0,18235.0,387.0,251.0,250.0,256.0
Guernsey,Syphillis,2023,2,5.3,38126.0,18979.0,19147.0,17975.0,18313.0,402.0,244.0,260.0,277.0
Guernsey,Syphillis,2024,5,13.1,38219.0,19036.0,19183.0,18000.0,18325.0,416.0,251.0,288.0,298.0
Hamilton,Chlaydia,2020,6769,827.5,830418.0,403223.0,427195.0,276300.0,283309.0,101929.0,118369.0,18618.0,17759.0
Hamilton,Chlaydia,2021,6625,800.6,827564.0,401795.0,425769.0,274808.0,281936.0,101945.0,118058.0,19169.0,18171.0
Hamilton,Chlaydia,2022,6184,749.5,826970.0,401650.0,425320.0,273777.0,280927.0,102082.0,118045.0,20132.0,18958.0
Hamilton,Chlaydia,2023,6221,752.2,831559.0,404252.0,427307.0,275099.0,281575.0,102550.0,118812.0,21817.0,20151.0
Hamilton,Chlaydia,2024,5428,656.3,837359.0,407561.0,429798.0,276313.0,282250.0,103428.0,119579.0,23748.0,21453.0
Hamilton,Gonorrhoea,2020,4112,454.1,830418.0,403223.0,427195.0,276300.0,283309.0,101929.0,118369.0,18618.0,17759.0
Hamilton,Gonorrhoea,2021,3758,329.8,827564.0,401795.0,425769.0,274808.0,281936.0,101945.0,118058.0,19169.0,18171.0
Hamilton,Gonorrhoea,2022,2785,502.7,826970.0,401650.0,425320.0,273777.0,280927.0,102082.0,118045.0,20132.0,18958.0
Hamilton,Gonorrhoea,2023,2728,337.6,831559.0,404252.0,427307.0,275099.0,281575.0,102550.0,118812.0,21817.0,20151.0
Hamilton,Gonorrhoea,2024,2567,310.4,837359.0,407561.0,429798.0,276313.0,282250.0,103428.0,119579.0,23748.0,21453.0
Hamilton,Syphillis,2020,248,30.3,830418.0,403223.0,427195.0,276300.0,283309.0,101929.0,118369.0,18618.0,17759.0
Hamilton,Syphillis,2021,284,34.3,827564.0,401795.0,425769.0,274808.0,281936.0,101945.0,118058.0,19169.0,18171.0
Hamilton,Syphillis,2022,562,68.1,826970.0,401650.0,425320.0,273777.0,280927.0,102082.0,118045.0,20132.0,18958.0
Hamilton,Syphillis,2023,591,71.5,831559.0,404252.0,427307.0,275099.0,281575.0,102550.0,118812.0,21817.0,20151.0
Hamilton,Syphillis,2024,503,60.8,837359.0,407561.0,429798.0,276313.0,282250.0,103428.0,119579.0,23748.0,21453.0
Hancock,Chlaydia,2020,209,277.2,74919.0,37267.0,37652.0,34620.0,35296.0,907.0,678.0,2219.0,2022.0
Hancock,Chlaydia,2021,249,333.0,74755.0,37165.0,37590.0,34459.0,35126.0,931.0,742.0,2303.0,2128.0
Hancock,Chlaydia,2022,200,267.2,74793.0,37157.0,37636.0,34419.0,35149.0,978.0,756.0,2343.0,2168.0
Hancock,Chlaydia,2023,206,275.8,74847.0,37160.0,37687.0,34312.0,35069.0,1031.0,816.0,2480.0,2239.0
Hancock,Chlaydia,2024,162,216.9,75016.0,37278.0,37738.0,34300.0,34988.0,1061.0,886.0,2652.0,2391.0
Hancock,Gonorrhoea,2020,71,46.9,74919.0,37267.0,37652.0,34620.0,35296.0,907.0,678.0,2219.0,2022.0
Hancock,Gonorrhoea,2021,44,94.2,74755.0,37165.0,37590.0,34459.0,35126.0,931.0,742.0,2303.0,2128.0
Hancock,Gonorrhoea,2022,26,58.8,74793.0,37157.0,37636.0,34419.0,35149.0,978.0,756.0,2343.0,2168.0
Hancock,Gonorrhoea,2023,35,34.7,74847.0,37160.0,37687.0,34312.0,35069.0,1031.0,816.0,2480.0,2239.0
Hancock,Gonorrhoea,2024,40,53.5,75016.0,37278.0,37738.0,34300.0,34988.0,1061.0,886.0,2652.0,2391.0
Hancock,Syphillis,2020,5,6.6,74919.0,37267.0,37652.0,34620.0,35296.0,907.0,678.0,2219.0,2022.0
Hancock,Syphillis,2021,6,8.0,74755.0,37165.0,37590.0,34459.0,35126.0,931.0,742.0,2303.0,2128.0
Hancock,Syphillis,2022,4,5.3,74793.0,37157.0,37636.0,34419.0,35149.0,978.0,756.0,2343.0,2168.0
Hancock,Syphillis,2023,10,13.4,74847.0,37160.0,37687.0,34312.0,35069.0,1031.0,816.0,2480.0,2239.0
Hancock,Syphillis,2024,8,10.7,75016.0,37278.0,37738.0,34300.0,34988.0,1061.0,886.0,2652.0,2391.0
Hardin,Chlaydia,2020,94,298.7,30722.0,15410.0,15312.0,14776.0,14689.0,200.0,138.0,355.0,324.0
Hardin,Chlaydia,2021,77,252.9,30444.0,15233.0,15211.0,14609.0,14574.0,194.0,137.0,352.0,335.0
Hardin,Chlaydia,2022,65,213.7,30400.0,15216.0,15184.0,14519.0,14501.0,229.0,150.0,372.0,363.0
Hardin,Chlaydia,2023,74,243.7,30406.0,15173.0,15233.0,14457.0,14484.0,221.0,156.0,393.0,386.0
Hardin,Chlaydia,2024,55,181.1,30402.0,15165.0,15237.0,14422.0,14460.0,228.0,166.0,398.0,381.0
Hardin,Gonorrhoea,2020,12,39.5,30722.0,15410.0,15312.0,14776.0,14689.0,200.0,138.0,355.0,324.0
Hardin,Gonorrhoea,2021,10,38.1,30444.0,15233.0,15211.0,14609.0,14574.0,194.0,137.0,352.0,335.0
Hardin,Gonorrhoea,2022,12,32.8,30400.0,15216.0,15184.0,14519.0,14501.0,229.0,150.0,372.0,363.0
Hardin,Gonorrhoea,2023,12,39.5,30406.0,15173.0,15233.0,14457.0,14484.0,221.0,156.0,393.0,386.0
Hardin,Gonorrhoea,2024,11,36.2,30402.0,15165.0,15237.0,14422.0,14460.0,228.0,166.0,398.0,381.0
Hardin,Syphillis,2020,2,6.4,30722.0,15410.0,15312.0,14776.0,14689.0,200.0,138.0,355.0,324.0
Hardin,Syphillis,2021,2,6.6,30444.0,15233.0,15211.0,14609.0,14574.0,194.0,137.0,352.0,335.0
Hardin,Syphillis,2022,8,26.3,30400.0,15216.0,15184.0,14519.0,14501.0,229.0,150.0,372.0,363.0
Hardin,Syphillis,2023,3,9.9,30406.0,15173.0,15233.0,14457.0,14484.0,221.0,156.0,393.0,386.0
Hardin,Syphillis,2024,5,16.5,30402.0,15165.0,15237.0,14422.0,14460.0,228.0,166.0,398.0,381.0
Harrison,Chlaydia,2020,39,259.8,14492.0,7252.0,7240.0,6888.0,6938.0,184.0,134.0,79.0,69.0
Harrison,Chlaydia,2021,23,158.9,14463.0,7229.0,7234.0,6872.0,6907.0,162.0,136.0,83.0,84.0
Harrison,Chlaydia,2022,28,194.7,14351.0,7167.0,7184.0,6794.0,6856.0,163.0,130.0,85.0,84.0
Harrison,Chlaydia,2023,20,141.3,14183.0,7077.0,7106.0,6711.0,6769.0,162.0,135.0,87.0,88.0
Harrison,Chlaydia,2024,22,155.4,14042.0,6998.0,7044.0,6629.0,6722.0,159.0,127.0,93.0,85.0
Harrison,Gonorrhoea,2020,4,14.1,14492.0,7252.0,7240.0,6888.0,6938.0,184.0,134.0,79.0,69.0
Harrison,Gonorrhoea,2021,4,41.7,14463.0,7229.0,7234.0,6872.0,6907.0,162.0,136.0,83.0,84.0
Harrison,Gonorrhoea,2022,6,26.6,14351.0,7167.0,7184.0,6794.0,6856.0,163.0,130.0,85.0,84.0
Harrison,Gonorrhoea,2023,2,27.6,14183.0,7077.0,7106.0,6711.0,6769.0,162.0,135.0,87.0,88.0
Harrison,Gonorrhoea,2024,4,28.3,14042.0,6998.0,7044.0,6629.0,6722.0,159.0,127.0,93.0,85.0
Harrison,Syphillis,2020,3,20.0,14492.0,7252.0,7240.0,6888.0,6938.0,184.0,134.0,79.0,69.0
Harrison,Syphillis,2021,1,6.9,14463.0,7229.0,7234.0,6872.0,6907.0,162.0,136.0,83.0,84.0
Harrison,Syphillis,2022,1,7.0,14351.0,7167.0,7184.0,6794.0,6856.0,163.0,130.0,85.0,84.0
Harrison,Syphillis,2023,1,7.1,14183.0,7077.0,7106.0,6711.0,6769.0,162.0,135.0,87.0,88.0
Harrison,Syphillis,2024,1,7.1,14042.0,6998.0,7044.0,6629.0,6722.0,159.0,127.0,93.0,85.0
Henry,Chlaydia,2020,64,237.9,27672.0,13781.0,13891.0,13357.0,13473.0,136.0,90.0,1116.0,1078.0
Henry,Chlaydia,2021,68,246.8,27565.0,13740.0,13825.0,13279.0,13374.0,143.0,99.0,1135.0,1082.0
Henry,Chlaydia,2022,49,178.1,27517.0,13738.0,13779.0,13240.0,13306.0,164.0,104.0,1152.0,1086.0
Henry,Chlaydia,2023,61,221.7,27545.0,13733.0,13812.0,13194.0,13334.0,188.0,104.0,1176.0,1151.0
Henry,Chlaydia,2024,40,145.3,27536.0,13682.0,13854.0,13123.0,13352.0,196.0,106.0,1215.0,1209.0
Henry,Gonorrhoea,2020,21,25.4,27672.0,13781.0,13891.0,13357.0,13473.0,136.0,90.0,1116.0,1078.0
Henry,Gonorrhoea,2021,13,50.9,27565.0,13740.0,13825.0,13279.0,13374.0,143.0,99.0,1135.0,1082.0
Henry,Gonorrhoea,2022,14,47.2,27517.0,13738.0,13779.0,13240.0,13306.0,164.0,104.0,1152.0,1086.0
Henry,Gonorrhoea,2023,7,78.1,27545.0,13733.0,13812.0,13194.0,13334.0,188.0,104.0,1176.0,1151.0
Henry,Gonorrhoea,2024,6,21.8,27536.0,13682.0,13854.0,13123.0,13352.0,196.0,106.0,1215.0,1209.0
Henry,Syphillis,2020,0,0.0,27672.0,13781.0,13891.0,13357.0,13473.0,136.0,90.0,1116.0,1078.0
Henry,Syphillis,2021,1,3.6,27565.0,13740.0,13825.0,13279.0,13374.0,143.0,99.0,1135.0,1082.0
Henry,Syphillis,2022,0,0.0,27517.0,13738.0,13779.0,13240.0,13306.0,164.0,104.0,1152.0,1086.0
Henry,Syphillis,2023,3,10.9,27545.0,13733.0,13812.0,13194.0,13334.0,188.0,104.0,1176.0,1151.0
Henry,Syphillis,2024,2,7.3,27536.0,13682.0,13854.0,13123.0,13352.0,196.0,106.0,1215.0,1209.0
Highland,Chlaydia,2020,105,242.5,43364.0,21444.0,21920.0,20538.0,21021.0,353.0,306.0,205.0,247.0
Highland,Chlaydia,2021,85,195.7,43453.0,21542.0,21911.0,20591.0,20992.0,352.0,310.0,216.0,269.0
Highland,Chlaydia,2022,88,202.8,43396.0,21493.0,21903.0,20554.0,20969.0,342.0,314.0,230.0,285.0
Highland,Chlaydia,2023,70,160.5,43588.0,21601.0,21987.0,20599.0,21042.0,365.0,316.0,245.0,319.0
Highland,Chlaydia,2024,57,130.7,43785.0,21662.0,22123.0,20626.0,21132.0,357.0,323.0,284.0,362.0
Highland,Gonorrhoea,2020,16,50.4,43364.0,21444.0,21920.0,20538.0,21021.0,353.0,306.0,205.0,247.0
Highland,Gonorrhoea,2021,13,36.9,43453.0,21542.0,21911.0,20591.0,20992.0,352.0,310.0,216.0,269.0
Highland,Gonorrhoea,2022,26,29.9,43396.0,21493.0,21903.0,20554.0,20969.0,342.0,314.0,230.0,285.0
Highland,Gonorrhoea,2023,22,59.9,43588.0,21601.0,21987.0,20599.0,21042.0,365.0,316.0,245.0,319.0
Highland,Gonorrhoea,2024,12,27.5,43785.0,21662.0,22123.0,20626.0,21132.0,357.0,323.0,284.0,362.0
Highland,Syphillis,2020,3,6.9,43364.0,21444.0,21920.0,20538.0,21021.0,353.0,306.0,205.0,247.0
Highland,Syphillis,2021,2,4.6,43453.0,21542.0,21911.0,20591.0,20992.0,352.0,310.0,216.0,269.0
Highland,Syphillis,2022,3,6.9,43396.0,21493.0,21903.0,20554.0,20969.0,342.0,314.0,230.0,285.0
Highland,Syphillis,2023,6,13.8,43588.0,21601.0,21987.0,20599.0,21042.0,365.0,316.0,245.0,319.0
Highland,Syphillis,2024,4,9.2,43785.0,21662.0,22123.0,20626.0,21132.0,357.0,323.0,284.0,362.0
Hocking,Chlaydia,2020,77,274.1,28046.0,13958.0,14088.0,13529.0,13650.0,113.0,84.0,129.0,113.0
Hocking,Chlaydia,2021,61,216.9,28109.0,14037.0,14072.0,13589.0,13622.0,120.0,97.0,141.0,127.0
Hocking,Chlaydia,2022,76,272.8,27843.0,13911.0,13932.0,13455.0,13478.0,126.0,97.0,140.0,131.0
Hocking,Chlaydia,2023,62,225.1,27567.0,13796.0,13771.0,13306.0,13325.0,135.0,94.0,138.0,133.0
Hocking,Chlaydia,2024,33,119.8,27429.0,13708.0,13721.0,13188.0,13261.0,152.0,108.0,148.0,145.0
Hocking,Gonorrhoea,2020,25,29.0,28046.0,13958.0,14088.0,13529.0,13650.0,113.0,84.0,129.0,113.0
Hocking,Gonorrhoea,2021,12,89.0,28109.0,14037.0,14072.0,13589.0,13622.0,120.0,97.0,141.0,127.0
Hocking,Gonorrhoea,2022,9,42.7,27843.0,13911.0,13932.0,13455.0,13478.0,126.0,97.0,140.0,131.0
Hocking,Gonorrhoea,2023,8,32.3,27567.0,13796.0,13771.0,13306.0,13325.0,135.0,94.0,138.0,133.0
Hocking,Gonorrhoea,2024,5,18.2,27429.0,13708.0,13721.0,13188.0,13261.0,152.0,108.0,148.0,145.0
Hocking,Syphillis,2020,3,10.7,28046.0,13958.0,14088.0,13529.0,13650.0,113.0,84.0,129.0,113.0
Hocking,Syphillis,2021,6,21.3,28109.0,14037.0,14072.0,13589.0,13622.0,120.0,97.0,141.0,127.0
Hocking,Syphillis,2022,2,7.2,27843.0,13911.0,13932.0,13455.0,13478.0,126.0,97.0,140.0,131.0
Hocking,Syphillis,2023,4,14.5,27567.0,13796.0,13771.0,13306.0,13325.0,135.0,94.0,138.0,133.0
Hocking,Syphillis,2024,4,14.5,27429.0,13708.0,13721.0,13188.0,13261.0,152.0,108.0,148.0,145.0
Holmes,Chlaydia,2020,39,88.6,44236.0,22284.0,21952.0,21928.0,21644.0,113.0,59.0,244.0,219.0
Holmes,Chlaydia,2021,32,72.1,44367.0,22378.0,21989.0,22009.0,21676.0,125.0,59.0,243.0,221.0
Holmes,Chlaydia,2022,31,69.8,44380.0,22371.0,22009.0,21989.0,21681.0,130.0,57.0,238.0,223.0
Holmes,Chlaydia,2023,18,40.6,44439.0,22388.0,22051.0,22003.0,21702.0,124.0,60.0,240.0,227.0
Holmes,Chlaydia,2024,24,54.1,44668.0,22542.0,22126.0,22137.0,21764.0,132.0,65.0,247.0,232.0
Holmes,Gonorrhoea,2020,5,9.0,44236.0,22284.0,21952.0,21928.0,21644.0,113.0,59.0,244.0,219.0
Holmes,Gonorrhoea,2021,11,11.4,44367.0,22378.0,21989.0,22009.0,21676.0,125.0,59.0,243.0,221.0
Holmes,Gonorrhoea,2022,6,13.5,44380.0,22371.0,22009.0,21989.0,21681.0,130.0,57.0,238.0,223.0
Holmes,Gonorrhoea,2023,4,24.8,44439.0,22388.0,22051.0,22003.0,21702.0,124.0,60.0,240.0,227.0
Holmes,Gonorrhoea,2024,4,9.0,44668.0,22542.0,22126.0,22137.0,21764.0,132.0,65.0,247.0,232.0
Holmes,Syphillis,2020,0,0.0,44236.0,22284.0,21952.0,21928.0,21644.0,113.0,59.0,244.0,219.0
Holmes,Syphillis,2021,4,9.0,44367.0,22378.0,21989.0,22009.0,21676.0,125.0,59.0,243.0,221.0
Holmes,Syphillis,2022,0,0.0,44380.0,22371.0,22009.0,21989.0,21681.0,130.0,57.0,238.0,223.0
Holmes,Syphillis,2023,2,4.5,44439.0,22388.0,22051.0,22003.0,21702.0,124.0,60.0,240.0,227.0
Holmes,Syphillis,2024,2,4.5,44668.0,22542.0,22126.0,22137.0,21764.0,132.0,65.0,247.0,232.0
Huron,Chlaydia,2020,168,289.8,58495.0,29171.0,29324.0,27924.0,28229.0,486.0,361.0,2111.0,1975.0
Huron,Chlaydia,2021,162,277.3,58416.0,29179.0,29237.0,27927.0,28138.0,486.0,372.0,2161.0,2014.0
Huron,Chlaydia,2022,154,264.5,58256.0,29114.0,29142.0,27848.0,28002.0,481.0,377.0,2229.0,2026.0
Huron,Chlaydia,2023,128,219.9,58258.0,29054.0,29204.0,27740.0,27995.0,495.0,376.0,2304.0,2117.0
Huron,Chlaydia,2024,108,185.6,58168.0,29042.0,29126.0,27651.0,27901.0,521.0,379.0,2390.0,2157.0
Huron,Gonorrhoea,2020,25,15.5,58495.0,29171.0,29324.0,27924.0,28229.0,486.0,361.0,2111.0,1975.0
Huron,Gonorrhoea,2021,32,43.1,58416.0,29179.0,29237.0,27927.0,28138.0,486.0,372.0,2161.0,2014.0
Huron,Gonorrhoea,2022,27,54.8,58256.0,29114.0,29142.0,27848.0,28002.0,481.0,377.0,2229.0,2026.0
Huron,Gonorrhoea,2023,9,46.4,58258.0,29054.0,29204.0,27740.0,27995.0,495.0,376.0,2304.0,2117.0
Huron,Gonorrhoea,2024,13,22.3,58168.0,29042.0,29126.0,27651.0,27901.0,521.0,379.0,2390.0,2157.0
Huron,Syphillis,2020,3,5.2,58495.0,29171.0,29324.0,27924.0,28229.0,486.0,361.0,2111.0,1975.0
Huron,Syphillis,2021,2,3.4,58416.0,29179.0,29237.0,27927.0,28138.0,486.0,372.0,2161.0,2014.0
Huron,Syphillis,2022,18,30.9,58256.0,29114.0,29142.0,27848.0,28002.0,481.0,377.0,2229.0,2026.0
Huron,Syphillis,2023,8,13.7,58258.0,29054.0,29204.0,27740.0,27995.0,495.0,376.0,2304.0,2117.0
Huron,Syphillis,2024,2,3.4,58168.0,29042.0,29126.0,27651.0,27901.0,521.0,379.0,2390.0,2157.0
Jackson,Chlaydia,2020,59,181.6,32671.0,16211.0,16460.0,15645.0,15975.0,142.0,89.0,177.0,149.0
Jackson,Chlaydia,2021,76,233.7,32551.0,16155.0,16396.0,15570.0,15896.0,140.0,90.0,165.0,139.0
Jackson,Chlaydia,2022,65,199.5,32634.0,16234.0,16400.0,15613.0,15864.0,147.0,94.0,176.0,138.0
Jackson,Chlaydia,2023,75,230.0,32669.0,16247.0,16422.0,15592.0,15851.0,165.0,103.0,183.0,153.0
Jackson,Chlaydia,2024,51,156.4,32723.0,16259.0,16464.0,15579.0,15847.0,164.0,105.0,204.0,174.0
Jackson,Gonorrhoea,2020,13,46.1,32671.0,16211.0,16460.0,15645.0,15975.0,142.0,89.0,177.0,149.0
Jackson,Gonorrhoea,2021,15,27.6,32551.0,16155.0,16396.0,15570.0,15896.0,140.0,90.0,165.0,139.0
Jackson,Gonorrhoea,2022,9,12.3,32634.0,16234.0,16400.0,15613.0,15864.0,147.0,94.0,176.0,138.0
Jackson,Gonorrhoea,2023,4,40.0,32669.0,16247.0,16422.0,15592.0,15851.0,165.0,103.0,183.0,153.0
Jackson,Gonorrhoea,2024,3,9.2,32723.0,16259.0,16464.0,15579.0,15847.0,164.0,105.0,204.0,174.0
Jackson,Syphillis,2020,2,6.2,32671.0,16211.0,16460.0,15645.0,15975.0,142.0,89.0,177.0,149.0
Jackson,Syphillis,2021,3,9.2,32551.0,16155.0,16396.0,15570.0,15896.0,140.0,90.0,165.0,139.0
Jackson,Syphillis,2022,2,6.1,32634.0,16234.0,16400.0,15613.0,15864.0,147.0,94.0,176.0,138.0
Jackson,Syphillis,2023,2,6.1,32669.0,16247.0,16422.0,15592.0,15851.0,165.0,103.0,183.0,153.0
Jackson,Syphillis,2024,0,0.0,32723.0,16259.0,16464.0,15579.0,15847.0,164.0,105.0,204.0,174.0
Jefferson,Chlaydia,2020,199,306.4,65186.0,32017.0,33169.0,29146.0,30285.0,1787.0,1808.0,520.0,624.0
Jefferson,Chlaydia,2021,185,284.1,65101.0,31896.0,33205.0,29038.0,30312.0,1767.0,1779.0,547.0,650.0
Jefferson,Chlaydia,2022,179,278.3,64286.0,31504.0,32782.0,28596.0,29849.0,1756.0,1775.0,572.0,642.0
Jefferson,Chlaydia,2023,161,251.5,64116.0,31460.0,32656.0,28494.0,29685.0,1748.0,1773.0,610.0,667.0
Jefferson,Chlaydia,2024,171,267.1,63900.0,31342.0,32558.0,28332.0,29535.0,1733.0,1775.0,681.0,703.0
Jefferson,Gonorrhoea,2020,80,96.8,65186.0,32017.0,33169.0,29146.0,30285.0,1787.0,1808.0,520.0,624.0
Jefferson,Gonorrhoea,2021,95,145.9,65101.0,31896.0,33205.0,29038.0,30312.0,1767.0,1779.0,547.0,650.0
Jefferson,Gonorrhoea,2022,86,123.2,64286.0,31504.0,32782.0,28596.0,29849.0,1756.0,1775.0,572.0,642.0
Jefferson,Gonorrhoea,2023,62,133.7,64116.0,31460.0,32656.0,28494.0,29685.0,1748.0,1773.0,610.0,667.0
Jefferson,Gonorrhoea,2024,22,34.4,63900.0,31342.0,32558.0,28332.0,29535.0,1733.0,1775.0,681.0,703.0
Jefferson,Syphillis,2020,3,4.6,65186.0,32017.0,33169.0,29146.0,30285.0,1787.0,1808.0,520.0,624.0
Jefferson,Syphillis,2021,6,9.2,65101.0,31896.0,33205.0,29038.0,30312.0,1767.0,1779.0,547.0,650.0
Jefferson,Syphillis,2022,6,9.3,64286.0,31504.0,32782.0,28596.0,29849.0,1756.0,1775.0,572.0,642.0
Jefferson,Syphillis,2023,6,9.4,64116.0,31460.0,32656.0,28494.0,29685.0,1748.0,1773.0,610.0,667.0
Jefferson,Syphillis,2024,6,9.4,63900.0,31342.0,32558.0,28332.0,29535.0,1733.0,1775.0,681.0,703.0
Knox,Chlaydia,2020,151,241.9,62792.0,31006.0,31786.0,29994.0,30685.0,315.0,313.0,638.0,560.0
Knox,Chlaydia,2021,136,217.4,62539.0,30969.0,31570.0,29937.0,30450.0,308.0,300.0,652.0,572.0
Knox,Chlaydia,2022,103,163.0,63186.0,31276.0,31910.0,30211.0,30742.0,330.0,321.0,681.0,624.0
Knox,Chlaydia,2023,99,156.3,63344.0,31350.0,31994.0,30223.0,30768.0,363.0,318.0,715.0,630.0
Knox,Chlaydia,2024,93,146.9,63848.0,31541.0,32307.0,30347.0,31006.0,374.0,336.0,714.0,652.0
Knox,Gonorrhoea,2020,40,26.8,62792.0,31006.0,31786.0,29994.0,30685.0,315.0,313.0,638.0,560.0
Knox,Gonorrhoea,2021,23,64.1,62539.0,30969.0,31570.0,29937.0,30450.0,308.0,300.0,652.0,572.0
Knox,Gonorrhoea,2022,21,36.8,63186.0,31276.0,31910.0,30211.0,30742.0,330.0,321.0,681.0,624.0
Knox,Gonorrhoea,2023,17,33.2,63344.0,31350.0,31994.0,30223.0,30768.0,363.0,318.0,715.0,630.0
Knox,Gonorrhoea,2024,7,11.1,63848.0,31541.0,32307.0,30347.0,31006.0,374.0,336.0,714.0,652.0
Knox,Syphillis,2020,1,1.6,62792.0,31006.0,31786.0,29994.0,30685.0,315.0,313.0,638.0,560.0
Knox,Syphillis,2021,4,6.4,62539.0,30969.0,31570.0,29937.0,30450.0,308.0,300.0,652.0,572.0
Knox,Syphillis,2022,6,9.5,63186.0,31276.0,31910.0,30211.0,30742.0,330.0,321.0,681.0,624.0
Knox,Syphillis,2023,13,20.5,63344.0,31350.0,31994.0,30223.0,30768.0,363.0,318.0,715.0,630.0
Knox,Syphillis,2024,10,15.8,63848.0,31541.0,32307.0,30347.0,31006.0,374.0,336.0,714.0,652.0
Lake,Chlaydia,2020,655,285.3,232527.0,114308.0,118219.0,104526.0,107610.0,5512.0,6201.0,6086.0,5314.0
Lake,Chlaydia,2021,592,254.9,232261.0,114187.0,118074.0,104129.0,107026.0,5751.0,6573.0,6329.0,5525.0
Lake,Chlaydia,2022,526,226.9,231968.0,113850.0,118118.0,103497.0,106563.0,6021.0,6957.0,6515.0,5718.0
Lake,Chlaydia,2023,474,204.6,231964.0,113917.0,118047.0,103108.0,106196.0,6349.0,7122.0,6837.0,5922.0
Lake,Chlaydia,2024,520,224.5,232360.0,114347.0,118013.0,103066.0,105781.0,6623.0,7337.0,7182.0,6150.0
Lake,Gonorrhoea,2020,247,55.3,232527.0,114308.0,118219.0,104526.0,107610.0,5512.0,6201.0,6086.0,5314.0
Lake,Gonorrhoea,2021,205,107.6,232261.0,114187.0,118074.0,104129.0,107026.0,5751.0,6573.0,6329.0,5525.0
Lake,Gonorrhoea,2022,123,88.3,231968.0,113850.0,118118.0,103497.0,106563.0,6021.0,6957.0,6515.0,5718.0
Lake,Gonorrhoea,2023,128,53.1,231964.0,113917.0,118047.0,103108.0,106196.0,6349.0,7122.0,6837.0,5922.0
Lake,Gonorrhoea,2024,116,50.1,232360.0,114347.0,118013.0,103066.0,105781.0,6623.0,7337.0,7182.0,6150.0
Lake,Syphillis,2020,19,8.3,232527.0,114308.0,118219.0,104526.0,107610.0,5512.0,6201.0,6086.0,5314.0
Lake,Syphillis,2021,25,10.8,232261.0,114187.0,118074.0,104129.0,107026.0,5751.0,6573.0,6329.0,5525.0
Lake,Syphillis,2022,34,14.7,231968.0,113850.0,118118.0,103497.0,106563.0,6021.0,6957.0,6515.0,5718.0
Lake,Syphillis,2023,34,14.7,231964.0,113917.0,118047.0,103108.0,106196.0,6349.0,7122.0,6837.0,5922.0
Lake,Syphillis,2024,27,11.7,232360.0,114347.0,118013.0,103066.0,105781.0,6623.0,7337.0,7182.0,6150.0
Lawrence,Chlaydia,2020,176,297.8,58141.0,28515.0,29626.0,27115.0,28307.0,702.0,560.0,319.0,277.0
Lawrence,Chlaydia,2021,201,350.2,57415.0,28150.0,29265.0,26739.0,27926.0,687.0,556.0,315.0,286.0
Lawrence,Chlaydia,2022,169,298.3,56571.0,27715.0,28856.0,26282.0,27505.0,701.0,577.0,334.0,304.0
Lawrence,Chlaydia,2023,152,270.9,56138.0,27435.0,28703.0,25997.0,27335.0,692.0,570.0,331.0,313.0
Lawrence,Chlaydia,2024,175,311.8,55829.0,27342.0,28487.0,25887.0,27117.0,676.0,557.0,352.0,324.0
Lawrence,Gonorrhoea,2020,83,140.5,58141.0,28515.0,29626.0,27115.0,28307.0,702.0,560.0,319.0,277.0
Lawrence,Gonorrhoea,2021,66,115.0,57415.0,28150.0,29265.0,26739.0,27926.0,687.0,556.0,315.0,286.0
Lawrence,Gonorrhoea,2022,46,81.2,56571.0,27715.0,28856.0,26282.0,27505.0,701.0,577.0,334.0,304.0
Lawrence,Gonorrhoea,2023,30,53.5,56138.0,27435.0,28703.0,25997.0,27335.0,692.0,570.0,331.0,313.0
Lawrence,Gonorrhoea,2024,34,60.6,55829.0,27342.0,28487.0,25887.0,27117.0,676.0,557.0,352.0,324.0
Lawrence,Syphillis,2020,9,15.2,58141.0,28515.0,29626.0,27115.0,28307.0,702.0,560.0,319.0,277.0
Lawrence,Syphillis,2021,10,17.4,57415.0,28150.0,29265.0,26739.0,27926.0,687.0,556.0,315.0,286.0
Lawrence,Syphillis,2022,18,31.8,56571.0,27715.0,28856.0,26282.0,27505.0,701.0,577.0,334.0,304.0
Lawrence,Syphillis,2023,35,62.4,56138.0,27435.0,28703.0,25997.0,27335.0,692.0,570.0,331.0,313.0
Lawrence,Syphillis,2024,15,26.7,55829.0,27342.0,28487.0,25887.0,27117.0,676.0,557.0,352.0,324.0
Licking,Chlaydia,2020,590,331.3,178796.0,88542.0,90254.0,79544.0,81437.0,4059.0,3676.0,2020.0,2022.0
Licking,Chlaydia,2021,533,296.2,180051.0,89179.0,90872.0,79428.0,81253.0,4224.0,3826.0,2123.0,2075.0
Licking,Chlaydia,2022,520,286.7,181899.0,90036.0,91863.0,79466.0,81371.0,4399.0,4029.0,2191.0,2218.0
Licking,Chlaydia,2023,419,228.7,183540.0,90767.0,92773.0,79358.0,81444.0,4644.0,4262.0,2306.0,2374.0
Licking,Chlaydia,2024,433,236.4,184898.0,91491.0,93407.0,79463.0,81475.0,4830.0,4472.0,2404.0,2563.0
Licking,Gonorrhoea,2020,274,153.8,178796.0,88542.0,90254.0,79544.0,81437.0,4059.0,3676.0,2020.0,2022.0
Licking,Gonorrhoea,2021,218,121.1,180051.0,89179.0,90872.0,79428.0,81253.0,4224.0,3826.0,2123.0,2075.0
Licking,Gonorrhoea,2022,140,46.9,181899.0,90036.0,91863.0,79466.0,81371.0,4399.0,4029.0,2191.0,2218.0
Licking,Gonorrhoea,2023,86,77.2,183540.0,90767.0,92773.0,79358.0,81444.0,4644.0,4262.0,2306.0,2374.0
Licking,Gonorrhoea,2024,67,36.6,184898.0,91491.0,93407.0,79463.0,81475.0,4830.0,4472.0,2404.0,2563.0
Licking,Syphillis,2020,17,9.5,178796.0,88542.0,90254.0,79544.0,81437.0,4059.0,3676.0,2020.0,2022.0
Licking,Syphillis,2021,33,18.3,180051.0,89179.0,90872.0,79428.0,81253.0,4224.0,3826.0,2123.0,2075.0
Licking,Syphillis,2022,51,28.1,181899.0,90036.0,91863.0,79466.0,81371.0,4399.0,4029.0,2191.0,2218.0
Licking,Syphillis,2023,62,33.8,183540.0,90767.0,92773.0,79358.0,81444.0,4644.0,4262.0,2306.0,2374.0
Licking,Syphillis,2024,54,29.5,184898.0,91491.0,93407.0,79463.0,81475.0,4830.0,4472.0,2404.0,2563.0
Logan,Chlaydia,2020,113,249.3,46114.0,23029.0,23085.0,21768.0,21811.0,469.0,410.0,518.0,481.0
Logan,Chlaydia,2021,123,266.6,46160.0,23056.0,23104.0,21749.0,21787.0,500.0,406.0,529.0,520.0
Logan,Chlaydia,2022,127,275.8,46040.0,22989.0,23051.0,21656.0,21722.0,510.0,411.0,558.0,501.0
Logan,Chlaydia,2023,92,199.8,46045.0,23037.0,23008.0,21644.0,21678.0,534.0,412.0,586.0,524.0
Logan,Chlaydia,2024,84,182.4,46085.0,23129.0,22956.0,21665.0,21561.0,562.0,431.0,651.0,544.0
Logan,Gonorrhoea,2020,22,39.1,46114.0,23029.0,23085.0,21768.0,21811.0,469.0,410.0,518.0,481.0
Logan,Gonorrhoea,2021,28,43.4,46160.0,23056.0,23104.0,21749.0,21787.0,500.0,406.0,529.0,520.0
Logan,Gonorrhoea,2022,18,60.7,46040.0,22989.0,23051.0,21656.0,21722.0,510.0,411.0,558.0,501.0
Logan,Gonorrhoea,2023,20,48.5,46045.0,23037.0,23008.0,21644.0,21678.0,534.0,412.0,586.0,524.0
Logan,Gonorrhoea,2024,15,32.6,46085.0,23129.0,22956.0,21665.0,21561.0,562.0,431.0,651.0,544.0
Logan,Syphillis,2020,3,6.6,46114.0,23029.0,23085.0,21768.0,21811.0,469.0,410.0,518.0,481.0
Logan,Syphillis,2021,7,15.2,46160.0,23056.0,23104.0,21749.0,21787.0,500.0,406.0,529.0,520.0
Logan,Syphillis,2022,9,19.5,46040.0,22989.0,23051.0,21656.0,21722.0,510.0,411.0,558.0,501.0
Logan,Syphillis,2023,10,21.7,46045.0,23037.0,23008.0,21644.0,21678.0,534.0,412.0,586.0,524.0
Logan,Syphillis,2024,10,21.7,46085.0,23129.0,22956.0,21665.0,21561.0,562.0,431.0,651.0,544.0
Lorain,Chlaydia,2020,1356,434.4,313534.0,155499.0,158035.0,132950.0,136529.0,14807.0,13297.0,16581.0,16495.0
Lorain,Chlaydia,2021,1215,386.7,314301.0,155634.0,158667.0,133075.0,136760.0,14648.0,13573.0,17084.0,16948.0
Lorain,Chlaydia,2022,1283,405.7,316616.0,156751.0,159865.0,133539.0,137533.0,14979.0,13720.0,17539.0,17417.0
Lorain,Chlaydia,2023,1183,372.1,319163.0,158173.0,160990.0,134283.0,138121.0,15198.0,13888.0,18000.0,17861.0
Lorain,Chlaydia,2024,1063,334.4,322030.0,159647.0,162383.0,134979.0,138964.0,15505.0,14108.0,18732.0,18529.0
Lorain,Gonorrhoea,2020,705,159.4,313534.0,155499.0,158035.0,132950.0,136529.0,14807.0,13297.0,16581.0,16495.0
Lorain,Gonorrhoea,2021,466,225.8,314301.0,155634.0,158667.0,133075.0,136760.0,14648.0,13573.0,17084.0,16948.0
Lorain,Gonorrhoea,2022,504,148.3,316616.0,156751.0,159865.0,133539.0,137533.0,14979.0,13720.0,17539.0,17417.0
Lorain,Gonorrhoea,2023,316,99.4,319163.0,158173.0,160990.0,134283.0,138121.0,15198.0,13888.0,18000.0,17861.0
Lorain,Gonorrhoea,2024,249,78.3,322030.0,159647.0,162383.0,134979.0,138964.0,15505.0,14108.0,18732.0,18529.0
Lorain,Syphillis,2020,36,11.5,313534.0,155499.0,158035.0,132950.0,136529.0,14807.0,13297.0,16581.0,16495.0
Lorain,Syphillis,2021,59,18.8,314301.0,155634.0,158667.0,133075.0,136760.0,14648.0,13573.0,17084.0,16948.0
Lorain,Syphillis,2022,120,37.9,316616.0,156751.0,159865.0,133539.0,137533.0,14979.0,13720.0,17539.0,17417.0
Lorain,Syphillis,2023,101,31.8,319163.0,158173.0,160990.0,134283.0,138121.0,15198.0,13888.0,18000.0,17861.0
Lorain,Syphillis,2024,112,35.2,322030.0,159647.0,162383.0,134979.0,138964.0,15505.0,14108.0,18732.0,18529.0
Lucas,Chlaydia,2020,3105,725.0,430870.0,209665.0,221205.0,155888.0,161607.0,41741.0,46809.0,16078.0,16267.0
Lucas,Chlaydia,2021,3005,699.9,429535.0,208846.0,220689.0,154826.0,160786.0,41719.0,46886.0,16226.0,16532.0
Lucas,Chlaydia,2022,3006,704.6,427154.0,207300.0,219854.0,153307.0,159698.0,41463.0,46869.0,16537.0,16966.0
Lucas,Chlaydia,2023,2882,677.3,426240.0,206959.0,219281.0,152650.0,158774.0,41441.0,46894.0,16941.0,17206.0
Lucas,Chlaydia,2024,2504,588.5,426291.0,206860.0,219431.0,152164.0,158397.0,41499.0,47020.0,17244.0,17539.0
Lucas,Gonorrhoea,2020,1886,375.7,430870.0,209665.0,221205.0,155888.0,161607.0,41741.0,46809.0,16078.0,16267.0
Lucas,Gonorrhoea,2021,1613,279.0,429535.0,208846.0,220689.0,154826.0,160786.0,41719.0,46886.0,16226.0,16532.0
Lucas,Gonorrhoea,2022,1480,346.9,427154.0,207300.0,219854.0,153307.0,159698.0,41463.0,46869.0,16537.0,16966.0
Lucas,Gonorrhoea,2023,1187,440.4,426240.0,206959.0,219281.0,152650.0,158774.0,41441.0,46894.0,16941.0,17206.0
Lucas,Gonorrhoea,2024,769,180.7,426291.0,206860.0,219431.0,152164.0,158397.0,41499.0,47020.0,17244.0,17539.0
Lucas,Syphillis,2020,73,17.0,430870.0,209665.0,221205.0,155888.0,161607.0,41741.0,46809.0,16078.0,16267.0
Lucas,Syphillis,2021,153,35.6,429535.0,208846.0,220689.0,154826.0,160786.0,41719.0,46886.0,16226.0,16532.0
Lucas,Syphillis,2022,134,31.4,427154.0,207300.0,219854.0,153307.0,159698.0,41463.0,46869.0,16537.0,16966.0
Lucas,Syphillis,2023,152,35.7,426240.0,206959.0,219281.0,152650.0,158774.0,41441.0,46894.0,16941.0,17206.0
Lucas,Syphillis,2024,138,32.4,426291.0,206860.0,219431.0,152164.0,158397.0,41499.0,47020.0,17244.0,17539.0
Madison,Chlaydia,2020,85,190.8,43858.0,24006.0,19852.0,20679.0,18655.0,2539.0,362.0,714.0,513.0
Madison,Chlaydia,2021,114,256.7,44447.0,24469.0,19978.0,20956.0,18727.0,2698.0,401.0,770.0,525.0
Madison,Chlaydia,2022,84,192.9,43613.0,23574.0,20039.0,20450.0,18768.0,2260.0,405.0,797.0,567.0
Madison,Chlaydia,2023,91,204.0,44668.0,24381.0,20287.0,20963.0,18957.0,2517.0,398.0,875.0,623.0
Madison,Chlaydia,2024,57,127.8,45531.0,24894.0,20637.0,21359.0,19198.0,2556.0,434.0,925.0,666.0
Madison,Gonorrhoea,2020,38,71.2,43858.0,24006.0,19852.0,20679.0,18655.0,2539.0,362.0,714.0,513.0
Madison,Gonorrhoea,2021,39,33.6,44447.0,24469.0,19978.0,20956.0,18727.0,2698.0,401.0,770.0,525.0
Madison,Gonorrhoea,2022,31,85.3,43613.0,23574.0,20039.0,20450.0,18768.0,2260.0,405.0,797.0,567.0
Madison,Gonorrhoea,2023,15,87.8,44668.0,24381.0,20287.0,20963.0,18957.0,2517.0,398.0,875.0,623.0
Madison,Gonorrhoea,2024,16,35.9,45531.0,24894.0,20637.0,21359.0,19198.0,2556.0,434.0,925.0,666.0
Madison,Syphillis,2020,6,13.5,43858.0,24006.0,19852.0,20679.0,18655.0,2539.0,362.0,714.0,513.0
Madison,Syphillis,2021,15,33.8,44447.0,24469.0,19978.0,20956.0,18727.0,2698.0,401.0,770.0,525.0
Madison,Syphillis,2022,15,34.5,43613.0,23574.0,20039.0,20450.0,18768.0,2260.0,405.0,797.0,567.0
Madison,Syphillis,2023,7,15.7,44668.0,24381.0,20287.0,20963.0,18957.0,2517.0,398.0,875.0,623.0
Madison,Syphillis,2024,14,31.4,45531.0,24894.0,20637.0,21359.0,19198.0,2556.0,434.0,925.0,666.0
Mahoning,Chlaydia,2020,1237,547.2,228017.0,111992.0,116025.0,90366.0,92607.0,17305.0,19032.0,7791.0,6424.0
Mahoning,Chlaydia,2021,1108,489.3,226559.0,111057.0,115502.0,89682.0,92176.0,16959.0,18887.0,7835.0,6675.0
Mahoning,Chlaydia,2022,1014,449.4,226104.0,110926.0,115178.0,89477.0,91862.0,16868.0,18733.0,8299.0,7028.0
Mahoning,Chlaydia,2023,1069,473.9,225988.0,110893.0,115095.0,89227.0,91560.0,16814.0,18767.0,8745.0,7376.0
Mahoning,Chlaydia,2024,877,388.7,225786.0,110899.0,114887.0,89069.0,91329.0,16781.0,18726.0,9205.0,7757.0
Mahoning,Gonorrhoea,2020,706,171.5,228017.0,111992.0,116025.0,90366.0,92607.0,17305.0,19032.0,7791.0,6424.0
Mahoning,Gonorrhoea,2021,678,299.4,226559.0,111057.0,115502.0,89682.0,92176.0,16959.0,18887.0,7835.0,6675.0
Mahoning,Gonorrhoea,2022,739,327.5,226104.0,110926.0,115178.0,89477.0,91862.0,16868.0,18733.0,8299.0,7028.0
Mahoning,Gonorrhoea,2023,387,312.3,225988.0,110893.0,115095.0,89227.0,91560.0,16814.0,18767.0,8745.0,7376.0
Mahoning,Gonorrhoea,2024,360,159.6,225786.0,110899.0,114887.0,89069.0,91329.0,16781.0,18726.0,9205.0,7757.0
Mahoning,Syphillis,2020,36,15.9,228017.0,111992.0,116025.0,90366.0,92607.0,17305.0,19032.0,7791.0,6424.0
Mahoning,Syphillis,2021,32,14.1,226559.0,111057.0,115502.0,89682.0,92176.0,16959.0,18887.0,7835.0,6675.0
Mahoning,Syphillis,2022,53,23.5,226104.0,110926.0,115178.0,89477.0,91862.0,16868.0,18733.0,8299.0,7028.0
Mahoning,Syphillis,2023,59,26.2,225988.0,110893.0,115095.0,89227.0,91560.0,16814.0,18767.0,8745.0,7376.0
Mahoning,Syphillis,2024,45,19.9,225786.0,110899.0,114887.0,89069.0,91329.0,16781.0,18726.0,9205.0,7757.0
Marion,Chlaydia,2020,257,396.5,65390.0,34871.0,30519.0,30482.0,28464.0,3347.0,975.0,1097.0,881.0
Marion,Chlaydia,2021,286,437.9,65330.0,34942.0,30388.0,30396.0,28274.0,3483.0,969.0,1094.0,920.0
Marion,Chlaydia,2022,231,357.4,64576.0,34375.0,30201.0,30012.0,28060.0,3269.0,973.0,1141.0,943.0
Marion,Chlaydia,2023,188,289.9,64828.0,34651.0,30177.0,30124.0,27999.0,3410.0,979.0,1199.0,988.0
Marion,Chlaydia,2024,177,272.9,64976.0,34767.0,30209.0,30193.0,27975.0,3420.0,1019.0,1262.0,1038.0
Marion,Gonorrhoea,2020,102,69.4,65390.0,34871.0,30519.0,30482.0,28464.0,3347.0,975.0,1097.0,881.0
Marion,Gonorrhoea,2021,76,157.4,65330.0,34942.0,30388.0,30396.0,28274.0,3483.0,969.0,1094.0,920.0
Marion,Gonorrhoea,2022,57,116.4,64576.0,34375.0,30201.0,30012.0,28060.0,3269.0,973.0,1141.0,943.0
Marion,Gonorrhoea,2023,45,88.2,64828.0,34651.0,30177.0,30124.0,27999.0,3410.0,979.0,1199.0,988.0
Marion,Gonorrhoea,2024,27,41.6,64976.0,34767.0,30209.0,30193.0,27975.0,3420.0,1019.0,1262.0,1038.0
Marion,Syphillis,2020,8,12.3,65390.0,34871.0,30519.0,30482.0,28464.0,3347.0,975.0,1097.0,881.0
Marion,Syphillis,2021,18,27.6,65330.0,34942.0,30388.0,30396.0,28274.0,3483.0,969.0,1094.0,920.0
Marion,Syphillis,2022,21,32.5,64576.0,34375.0,30201.0,30012.0,28060.0,3269.0,973.0,1141.0,943.0
Marion,Syphillis,2023,30,46.3,64828.0,34651.0,30177.0,30124.0,27999.0,3410.0,979.0,1199.0,988.0
Marion,Syphillis,2024,16,24.7,64976.0,34767.0,30209.0,30193.0,27975.0,3420.0,1019.0,1262.0,1038.0
Medina,Chlaydia,2020,330,182.4,182639.0,90783.0,91856.0,86549.0,87626.0,1532.0,1351.0,2356.0,2279.0
Medina,Chlaydia,2021,288,157.1,183403.0,91274.0,92129.0,86842.0,87795.0,1624.0,1400.0,2460.0,2338.0
Medina,Chlaydia,2022,289,157.5,183520.0,91238.0,92282.0,86690.0,87764.0,1678.0,1421.0,2551.0,2440.0
Medina,Chlaydia,2023,270,146.7,184115.0,91627.0,92488.0,86874.0,87854.0,1777.0,1500.0,2630.0,2562.0
Medina,Chlaydia,2024,270,146.7,184625.0,91766.0,92859.0,86924.0,88104.0,1765.0,1512.0,2720.0,2669.0
Medina,Gonorrhoea,2020,91,44.7,182639.0,90783.0,91856.0,86549.0,87626.0,1532.0,1351.0,2356.0,2279.0
Medina,Gonorrhoea,2021,84,25.5,183403.0,91274.0,92129.0,86842.0,87795.0,1624.0,1400.0,2460.0,2338.0
Medina,Gonorrhoea,2022,82,50.3,183520.0,91238.0,92282.0,86690.0,87764.0,1678.0,1421.0,2551.0,2440.0
Medina,Gonorrhoea,2023,47,45.8,184115.0,91627.0,92488.0,86874.0,87854.0,1777.0,1500.0,2630.0,2562.0
Medina,Gonorrhoea,2024,56,30.4,184625.0,91766.0,92859.0,86924.0,88104.0,1765.0,1512.0,2720.0,2669.0
Medina,Syphillis,2020,10,5.5,182639.0,90783.0,91856.0,86549.0,87626.0,1532.0,1351.0,2356.0,2279.0
Medina,Syphillis,2021,9,4.9,183403.0,91274.0,92129.0,86842.0,87795.0,1624.0,1400.0,2460.0,2338.0
Medina,Syphillis,2022,15,8.2,183520.0,91238.0,92282.0,86690.0,87764.0,1678.0,1421.0,2551.0,2440.0
Medina,Syphillis,2023,13,7.1,184115.0,91627.0,92488.0,86874.0,87854.0,1777.0,1500.0,2630.0,2562.0
Medina,Syphillis,2024,17,9.2,184625.0,91766.0,92859.0,86924.0,88104.0,1765.0,1512.0,2720.0,2669.0
Meigs,Chlaydia,2020,43,189.6,22160.0,11061.0,11099.0,10729.0,10813.0,132.0,75.0,100.0,72.0
Meigs,Chlaydia,2021,37,167.5,22084.0,11045.0,11039.0,10695.0,10743.0,138.0,76.0,115.0,81.0
Meigs,Chlaydia,2022,31,141.1,21971.0,11013.0,10958.0,10662.0,10650.0,139.0,85.0,135.0,82.0
Meigs,Chlaydia,2023,38,174.6,21772.0,10955.0,10817.0,10604.0,10508.0,133.0,85.0,170.0,86.0
Meigs,Chlaydia,2024,37,170.0,21491.0,10835.0,10656.0,10464.0,10346.0,140.0,95.0,208.0,87.0
Meigs,Gonorrhoea,2020,10,27.6,22160.0,11061.0,11099.0,10729.0,10813.0,132.0,75.0,100.0,72.0
Meigs,Gonorrhoea,2021,8,44.1,22084.0,11045.0,11039.0,10695.0,10743.0,138.0,76.0,115.0,81.0
Meigs,Gonorrhoea,2022,5,36.2,21971.0,11013.0,10958.0,10662.0,10650.0,139.0,85.0,135.0,82.0
Meigs,Gonorrhoea,2023,6,22.8,21772.0,10955.0,10817.0,10604.0,10508.0,133.0,85.0,170.0,86.0
Meigs,Gonorrhoea,2024,4,18.4,21491.0,10835.0,10656.0,10464.0,10346.0,140.0,95.0,208.0,87.0
Meigs,Syphillis,2020,3,13.2,22160.0,11061.0,11099.0,10729.0,10813.0,132.0,75.0,100.0,72.0
Meigs,Syphillis,2021,3,13.6,22084.0,11045.0,11039.0,10695.0,10743.0,138.0,76.0,115.0,81.0
Meigs,Syphillis,2022,3,13.7,21971.0,11013.0,10958.0,10662.0,10650.0,139.0,85.0,135.0,82.0
Meigs,Syphillis,2023,5,23.0,21772.0,10955.0,10817.0,10604.0,10508.0,133.0,85.0,170.0,86.0
Meigs,Syphillis,2024,0,0.0,21491.0,10835.0,10656.0,10464.0,10346.0,140.0,95.0,208.0,87.0
Mercer,Chlaydia,2020,70,169.6,42532.0,21608.0,20924.0,20785.0,20209.0,136.0,77.0,496.0,425.0
Mercer,Chlaydia,2021,97,228.9,42387.0,21505.0,20882.0,20684.0,20159.0,146.0,81.0,483.0,424.0
Mercer,Chlaydia,2022,73,172.4,42403.0,21521.0,20882.0,20666.0,20134.0,153.0,85.0,475.0,428.0
Mercer,Chlaydia,2023,73,172.0,42448.0,21585.0,20863.0,20691.0,20110.0,159.0,85.0,487.0,483.0
Mercer,Chlaydia,2024,51,120.2,42648.0,21646.0,21002.0,20729.0,20218.0,165.0,96.0,504.0,546.0
Mercer,Gonorrhoea,2020,17,16.5,42532.0,21608.0,20924.0,20785.0,20209.0,136.0,77.0,496.0,425.0
Mercer,Gonorrhoea,2021,20,14.1,42387.0,21505.0,20882.0,20684.0,20159.0,146.0,81.0,483.0,424.0
Mercer,Gonorrhoea,2022,7,41.2,42403.0,21521.0,20882.0,20666.0,20134.0,153.0,85.0,475.0,428.0
Mercer,Gonorrhoea,2023,6,47.2,42448.0,21585.0,20863.0,20691.0,20110.0,159.0,85.0,487.0,483.0
Mercer,Gonorrhoea,2024,7,16.5,42648.0,21646.0,21002.0,20729.0,20218.0,165.0,96.0,504.0,546.0
Mercer,Syphillis,2020,2,4.8,42532.0,21608.0,20924.0,20785.0,20209.0,136.0,77.0,496.0,425.0
Mercer,Syphillis,2021,1,2.4,42387.0,21505.0,20882.0,20684.0,20159.0,146.0,81.0,483.0,424.0
Mercer,Syphillis,2022,3,7.1,42403.0,21521.0,20882.0,20666.0,20134.0,153.0,85.0,475.0,428.0
Mercer,Syphillis,2023,0,0.0,42448.0,21585.0,20863.0,20691.0,20110.0,159.0,85.0,487.0,483.0
Mercer,Syphillis,2024,3,7.1,42648.0,21646.0,21002.0,20729.0,20218.0,165.0,96.0,504.0,546.0
Miami,Chlaydia,2020,231,214.9,108962.0,54049.0,54913.0,50247.0,51263.0,1526.0,1271.0,1142.0,1078.0
Miami,Chlaydia,2021,255,233.1,109426.0,54279.0,55147.0,50326.0,51326.0,1613.0,1367.0,1177.0,1114.0
Miami,Chlaydia,2022,277,251.3,110245.0,54638.0,55607.0,50543.0,51559.0,1636.0,1491.0,1224.0,1169.0
Miami,Chlaydia,2023,263,237.2,110898.0,54954.0,55944.0,50677.0,51725.0,1670.0,1566.0,1230.0,1188.0
Miami,Chlaydia,2024,232,209.2,111950.0,55528.0,56422.0,50910.0,51964.0,1773.0,1675.0,1300.0,1206.0
Miami,Gonorrhoea,2020,96,61.3,108962.0,54049.0,54913.0,50247.0,51263.0,1526.0,1271.0,1142.0,1078.0
Miami,Gonorrhoea,2021,91,89.3,109426.0,54279.0,55147.0,50326.0,51326.0,1613.0,1367.0,1177.0,1114.0
Miami,Gonorrhoea,2022,73,83.2,110245.0,54638.0,55607.0,50543.0,51559.0,1636.0,1491.0,1224.0,1169.0
Miami,Gonorrhoea,2023,68,66.2,110898.0,54954.0,55944.0,50677.0,51725.0,1670.0,1566.0,1230.0,1188.0
Miami,Gonorrhoea,2024,55,49.6,111950.0,55528.0,56422.0,50910.0,51964.0,1773.0,1675.0,1300.0,1206.0
Miami,Syphillis,2020,10,9.3,108962.0,54049.0,54913.0,50247.0,51263.0,1526.0,1271.0,1142.0,1078.0
Miami,Syphillis,2021,7,6.4,109426.0,54279.0,55147.0,50326.0,51326.0,1613.0,1367.0,1177.0,1114.0
Miami,Syphillis,2022,14,12.7,110245.0,54638.0,55607.0,50543.0,51559.0,1636.0,1491.0,1224.0,1169.0
Miami,Syphillis,2023,14,12.6,110898.0,54954.0,55944.0,50677.0,51725.0,1670.0,1566.0,1230.0,1188.0
Miami,Syphillis,2024,6,5.4,111950.0,55528.0,56422.0,50910.0,51964.0,1773.0,1675.0,1300.0,1206.0
Monroe,Chlaydia,2020,21,154.6,13356.0,6785.0,6571.0,6618.0,6387.0,52.0,39.0,37.0,41.0
Monroe,Chlaydia,2021,22,165.1,13339.0,6778.0,6561.0,6599.0,6371.0,59.0,43.0,37.0,39.0
Monroe,Chlaydia,2022,12,90.7,13225.0,6723.0,6502.0,6541.0,6297.0,61.0,57.0,36.0,41.0
Monroe,Chlaydia,2023,20,152.1,13165.0,6677.0,6488.0,6488.0,6265.0,65.0,66.0,40.0,44.0
Monroe,Chlaydia,2024,18,136.9,13051.0,6604.0,6447.0,6418.0,6222.0,66.0,73.0,42.0,49.0
Monroe,Gonorrhoea,2020,6,15.2,13356.0,6785.0,6571.0,6618.0,6387.0,52.0,39.0,37.0,41.0
Monroe,Gonorrhoea,2021,1,44.2,13339.0,6778.0,6561.0,6599.0,6371.0,59.0,43.0,37.0,39.0
Monroe,Gonorrhoea,2022,3,7.5,13225.0,6723.0,6502.0,6541.0,6297.0,61.0,57.0,36.0,41.0
Monroe,Gonorrhoea,2023,2,22.7,13165.0,6677.0,6488.0,6488.0,6265.0,65.0,66.0,40.0,44.0
Monroe,Gonorrhoea,2024,3,22.8,13051.0,6604.0,6447.0,6418.0,6222.0,66.0,73.0,42.0,49.0
Monroe,Syphillis,2020,2,14.7,13356.0,6785.0,6571.0,6618.0,6387.0,52.0,39.0,37.0,41.0
Monroe,Syphillis,2021,1,7.5,13339.0,6778.0,6561.0,6599.0,6371.0,59.0,43.0,37.0,39.0
Monroe,Syphillis,2022,1,7.6,13225.0,6723.0,6502.0,6541.0,6297.0,61.0,57.0,36.0,41.0
Monroe,Syphillis,2023,3,22.8,13165.0,6677.0,6488.0,6488.0,6265.0,65.0,66.0,40.0,44.0
Monroe,Syphillis,2024,2,15.2,13051.0,6604.0,6447.0,6418.0,6222.0,66.0,73.0,42.0,49.0
Montgomery,Chlaydia,2020,3260,613.2,537139.0,260255.0,276884.0,191152.0,198645.0,54054.0,62158.0,10727.0,10490.0
Montgomery,Chlaydia,2021,2915,543.7,536229.0,259549.0,276680.0,189966.0,197842.0,54353.0,62447.0,11039.0,10844.0
Montgomery,Chlaydia,2022,3550,664.9,534355.0,258675.0,275680.0,188477.0,196268.0,54548.0,62395.0,11350.0,11056.0
Montgomery,Chlaydia,2023,3419,640.5,535313.0,259329.0,275984.0,187953.0,195687.0,55101.0,62678.0,11950.0,11585.0
Montgomery,Chlaydia,2024,3056,572.5,537443.0,260492.0,276951.0,187935.0,195512.0,55636.0,63026.0,12551.0,12125.0
Montgomery,Gonorrhoea,2020,2211,415.9,537139.0,260255.0,276884.0,191152.0,198645.0,54054.0,62158.0,10727.0,10490.0
Montgomery,Gonorrhoea,2021,1812,314.7,536229.0,259549.0,276680.0,189966.0,197842.0,54353.0,62447.0,11039.0,10844.0
Montgomery,Gonorrhoea,2022,1680,338.0,534355.0,258675.0,275680.0,188477.0,196268.0,54548.0,62395.0,11350.0,11056.0
Montgomery,Gonorrhoea,2023,1503,281.6,535313.0,259329.0,275984.0,187953.0,195687.0,55101.0,62678.0,11950.0,11585.0
Montgomery,Gonorrhoea,2024,1194,223.7,537443.0,260492.0,276951.0,187935.0,195512.0,55636.0,63026.0,12551.0,12125.0
Montgomery,Syphillis,2020,188,35.4,537139.0,260255.0,276884.0,191152.0,198645.0,54054.0,62158.0,10727.0,10490.0
Montgomery,Syphillis,2021,266,49.6,536229.0,259549.0,276680.0,189966.0,197842.0,54353.0,62447.0,11039.0,10844.0
Montgomery,Syphillis,2022,297,55.6,534355.0,258675.0,275680.0,188477.0,196268.0,54548.0,62395.0,11350.0,11056.0
Montgomery,Syphillis,2023,307,57.5,535313.0,259329.0,275984.0,187953.0,195687.0,55101.0,62678.0,11950.0,11585.0
Montgomery,Syphillis,2024,225,42.2,537443.0,260492.0,276951.0,187935.0,195512.0,55636.0,63026.0,12551.0,12125.0
Morgan,Chlaydia,2020,43,300.6,13752.0,6890.0,6862.0,6354.0,6344.0,231.0,198.0,80.0,57.0
Morgan,Chlaydia,2021,30,219.2,13697.0,6869.0,6828.0,6334.0,6317.0,221.0,188.0,82.0,59.0
Morgan,Chlaydia,2022,33,241.4,13648.0,6842.0,6806.0,6304.0,6297.0,216.0,190.0,88.0,68.0
Morgan,Chlaydia,2023,37,271.1,13626.0,6850.0,6776.0,6291.0,6263.0,228.0,189.0,101.0,73.0
Morgan,Chlaydia,2024,16,117.3,13532.0,6818.0,6714.0,6244.0,6196.0,223.0,185.0,107.0,69.0
Morgan,Gonorrhoea,2020,2,14.0,13752.0,6890.0,6862.0,6354.0,6344.0,231.0,198.0,80.0,57.0
Morgan,Gonorrhoea,2021,5,51.2,13697.0,6869.0,6828.0,6334.0,6317.0,221.0,188.0,82.0,59.0
Morgan,Gonorrhoea,2022,7,36.5,13648.0,6842.0,6806.0,6304.0,6297.0,216.0,190.0,88.0,68.0
Morgan,Gonorrhoea,2023,2,14.7,13626.0,6850.0,6776.0,6291.0,6263.0,228.0,189.0,101.0,73.0
Morgan,Gonorrhoea,2024,1,7.3,13532.0,6818.0,6714.0,6244.0,6196.0,223.0,185.0,107.0,69.0
Morgan,Syphillis,2020,0,0.0,13752.0,6890.0,6862.0,6354.0,6344.0,231.0,198.0,80.0,57.0
Morgan,Syphillis,2021,4,29.2,13697.0,6869.0,6828.0,6334.0,6317.0,221.0,188.0,82.0,59.0
Morgan,Syphillis,2022,5,36.6,13648.0,6842.0,6806.0,6304.0,6297.0,216.0,190.0,88.0,68.0
Morgan,Syphillis,2023,1,7.3,13626.0,6850.0,6776.0,6291.0,6263.0,228.0,189.0,101.0,73.0
Morgan,Syphillis,2024,1,7.3,13532.0,6818.0,6714.0,6244.0,6196.0,223.0,185.0,107.0,69.0
Morrow,Chlaydia,2020,67,189.2,34983.0,17674.0,17309.0,17096.0,16823.0,177.0,106.0,322.0,270.0
Morrow,Chlaydia,2021,76,215.9,35211.0,17757.0,17454.0,17149.0,16945.0,188.0,114.0,339.0,289.0
Morrow,Chlaydia,2022,67,189.6,35317.0,17841.0,17476.0,17170.0,16928.0,214.0,133.0,367.0,315.0
Morrow,Chlaydia,2023,76,213.5,35583.0,17948.0,17635.0,17273.0,17026.0,211.0,149.0,387.0,340.0
Morrow,Chlaydia,2024,64,179.8,35927.0,18108.0,17819.0,17412.0,17182.0,213.0,156.0,423.0,368.0
Morrow,Gonorrhoea,2020,17,39.6,34983.0,17674.0,17309.0,17096.0,16823.0,177.0,106.0,322.0,270.0
Morrow,Gonorrhoea,2021,8,48.0,35211.0,17757.0,17454.0,17149.0,16945.0,188.0,114.0,339.0,289.0
Morrow,Gonorrhoea,2022,14,22.7,35317.0,17841.0,17476.0,17170.0,16928.0,214.0,133.0,367.0,315.0
Morrow,Gonorrhoea,2023,20,56.2,35583.0,17948.0,17635.0,17273.0,17026.0,211.0,149.0,387.0,340.0
Morrow,Gonorrhoea,2024,5,14.0,35927.0,18108.0,17819.0,17412.0,17182.0,213.0,156.0,423.0,368.0
Morrow,Syphillis,2020,1,2.8,34983.0,17674.0,17309.0,17096.0,16823.0,177.0,106.0,322.0,270.0
Morrow,Syphillis,2021,8,22.7,35211.0,17757.0,17454.0,17149.0,16945.0,188.0,114.0,339.0,289.0
Morrow,Syphillis,2022,8,22.6,35317.0,17841.0,17476.0,17170.0,16928.0,214.0,133.0,367.0,315.0
Morrow,Syphillis,2023,9,25.3,35583.0,17948.0,17635.0,17273.0,17026.0,211.0,149.0,387.0,340.0
Morrow,Syphillis,2024,11,30.9,35927.0,18108.0,17819.0,17412.0,17182.0,213.0,156.0,423.0,368.0
Muskingum,Chlaydia,2020,366,425.5,86464.0,42370.0,44094.0,38874.0,40765.0,1790.0,1519.0,533.0,556.0
Muskingum,Chlaydia,2021,319,368.5,86585.0,42362.0,44223.0,38799.0,40784.0,1840.0,1562.0,552.0,556.0
Muskingum,Chlaydia,2022,360,418.1,86114.0,42233.0,43881.0,38645.0,40491.0,1826.0,1554.0,560.0,558.0
Muskingum,Chlaydia,2023,239,276.9,86312.0,42333.0,43979.0,38704.0,40487.0,1810.0,1585.0,580.0,603.0
Muskingum,Chlaydia,2024,187,216.7,86582.0,42449.0,44133.0,38745.0,40557.0,1817.0,1588.0,610.0,627.0
Muskingum,Gonorrhoea,2020,130,151.1,86464.0,42370.0,44094.0,38874.0,40765.0,1790.0,1519.0,533.0,556.0
Muskingum,Gonorrhoea,2021,135,155.9,86585.0,42362.0,44223.0,38799.0,40784.0,1840.0,1562.0,552.0,556.0
Muskingum,Gonorrhoea,2022,90,104.5,86114.0,42233.0,43881.0,38645.0,40491.0,1826.0,1554.0,560.0,558.0
Muskingum,Gonorrhoea,2023,46,53.3,86312.0,42333.0,43979.0,38704.0,40487.0,1810.0,1585.0,580.0,603.0
Muskingum,Gonorrhoea,2024,32,37.1,86582.0,42449.0,44133.0,38745.0,40557.0,1817.0,1588.0,610.0,627.0
Muskingum,Syphillis,2020,2,2.3,86464.0,42370.0,44094.0,38874.0,40765.0,1790.0,1519.0,533.0,556.0
Muskingum,Syphillis,2021,19,21.9,86585.0,42362.0,44223.0,38799.0,40784.0,1840.0,1562.0,552.0,556.0
Muskingum,Syphillis,2022,28,32.5,86114.0,42233.0,43881.0,38645.0,40491.0,1826.0,1554.0,560.0,558.0
Muskingum,Syphillis,2023,34,39.4,86312.0,42333.0,43979.0,38704.0,40487.0,1810.0,1585.0,580.0,603.0
Muskingum,Syphillis,2024,30,34.8,86582.0,42449.0,44133.0,38745.0,40557.0,1817.0,1588.0,610.0,627.0
Noble,Chlaydia,2020,24,167.1,14107.0,8321.0,5786.0,7820.0,5624.0,367.0,31.0,133.0,51.0
Noble,Chlaydia,2021,24,167.7,14326.0,8573.0,5753.0,7977.0,5582.0,445.0,32.0,135.0,51.0
Noble,Chlaydia,2022,32,223.2,14364.0,8624.0,5740.0,8034.0,5566.0,438.0,30.0,135.0,49.0
Noble,Chlaydia,2023,33,230.6,14345.0,8606.0,5739.0,8010.0,5562.0,441.0,30.0,142.0,53.0
Noble,Chlaydia,2024,14,97.8,14269.0,8570.0,5699.0,7967.0,5517.0,449.0,31.0,135.0,58.0
Noble,Gonorrhoea,2020,4,34.9,14107.0,8321.0,5786.0,7820.0,5624.0,367.0,31.0,133.0,51.0
Noble,Gonorrhoea,2021,7,41.9,14326.0,8573.0,5753.0,7977.0,5582.0,445.0,32.0,135.0,51.0
Noble,Gonorrhoea,2022,5,27.8,14364.0,8624.0,5740.0,8034.0,5566.0,438.0,30.0,135.0,49.0
Noble,Gonorrhoea,2023,6,48.9,14345.0,8606.0,5739.0,8010.0,5562.0,441.0,30.0,142.0,53.0
Noble,Gonorrhoea,2024,1,7.0,14269.0,8570.0,5699.0,7967.0,5517.0,449.0,31.0,135.0,58.0
Noble,Syphillis,2020,1,7.0,14107.0,8321.0,5786.0,7820.0,5624.0,367.0,31.0,133.0,51.0
Noble,Syphillis,2021,4,27.9,14326.0,8573.0,5753.0,7977.0,5582.0,445.0,32.0,135.0,51.0
Noble,Syphillis,2022,1,7.0,14364.0,8624.0,5740.0,8034.0,5566.0,438.0,30.0,135.0,49.0
Noble,Syphillis,2023,1,7.0,14345.0,8606.0,5739.0,8010.0,5562.0,441.0,30.0,142.0,53.0
Noble,Syphillis,2024,1,7.0,14269.0,8570.0,5699.0,7967.0,5517.0,449.0,31.0,135.0,58.0
Ottawa,Chlaydia,2020,74,183.8,40298.0,20190.0,20108.0,19553.0,19437.0,242.0,198.0,1069.0,1003.0
Ottawa,Chlaydia,2021,73,181.8,40175.0,20128.0,20047.0,19460.0,19365.0,244.0,186.0,1095.0,997.0
Ottawa,Chlaydia,2022,93,232.6,39984.0,20003.0,19981.0,19294.0,19268.0,243.0,211.0,1115.0,994.0
Ottawa,Chlaydia,2023,66,165.8,39819.0,19869.0,19950.0,19166.0,19238.0,253.0,216.0,1115.0,1017.0
Ottawa,Chlaydia,2024,58,145.7,39692.0,19787.0,19905.0,19027.0,19131.0,265.0,233.0,1132.0,1025.0
Ottawa,Gonorrhoea,2020,21,52.2,40298.0,20190.0,20108.0,19553.0,19437.0,242.0,198.0,1069.0,1003.0
Ottawa,Gonorrhoea,2021,18,44.8,40175.0,20128.0,20047.0,19460.0,19365.0,244.0,186.0,1095.0,997.0
Ottawa,Gonorrhoea,2022,20,50.0,39984.0,20003.0,19981.0,19294.0,19268.0,243.0,211.0,1115.0,994.0
Ottawa,Gonorrhoea,2023,8,20.1,39819.0,19869.0,19950.0,19166.0,19238.0,253.0,216.0,1115.0,1017.0
Ottawa,Gonorrhoea,2024,7,17.6,39692.0,19787.0,19905.0,19027.0,19131.0,265.0,233.0,1132.0,1025.0
Ottawa,Syphillis,2020,0,0.0,40298.0,20190.0,20108.0,19553.0,19437.0,242.0,198.0,1069.0,1003.0
Ottawa,Syphillis,2021,4,10.0,40175.0,20128.0,20047.0,19460.0,19365.0,244.0,186.0,1095.0,997.0
Ottawa,Syphillis,2022,4,10.0,39984.0,20003.0,19981.0,19294.0,19268.0,243.0,211.0,1115.0,994.0
Ottawa,Syphillis,2023,4,10.0,39819.0,19869.0,19950.0,19166.0,19238.0,253.0,216.0,1115.0,1017.0
Ottawa,Syphillis,2024,2,5.0,39692.0,19787.0,19905.0,19027.0,19131.0,265.0,233.0,1132.0,1025.0
Paulding,Chlaydia,2020,50,268.1,18807.0,9399.0,9408.0,9039.0,9059.0,125.0,103.0,514.0,488.0
Paulding,Chlaydia,2021,49,259.5,18900.0,9461.0,9439.0,9108.0,9095.0,125.0,111.0,529.0,501.0
Paulding,Chlaydia,2022,44,234.6,18763.0,9433.0,9330.0,9075.0,8977.0,129.0,118.0,563.0,517.0
Paulding,Chlaydia,2023,42,224.5,18728.0,9450.0,9278.0,9047.0,8888.0,138.0,126.0,607.0,540.0
Paulding,Chlaydia,2024,23,123.0,18755.0,9425.0,9330.0,8997.0,8940.0,132.0,111.0,633.0,565.0
Paulding,Gonorrhoea,2020,9,37.4,18807.0,9399.0,9408.0,9039.0,9059.0,125.0,103.0,514.0,488.0
Paulding,Gonorrhoea,2021,15,48.3,18900.0,9461.0,9439.0,9108.0,9095.0,125.0,111.0,529.0,501.0
Paulding,Gonorrhoea,2022,7,79.4,18763.0,9433.0,9330.0,9075.0,8977.0,129.0,118.0,563.0,517.0
Paulding,Gonorrhoea,2023,7,37.3,18728.0,9450.0,9278.0,9047.0,8888.0,138.0,126.0,607.0,540.0
Paulding,Gonorrhoea,2024,6,32.1,18755.0,9425.0,9330.0,8997.0,8940.0,132.0,111.0,633.0,565.0
Paulding,Syphillis,2020,1,5.4,18807.0,9399.0,9408.0,9039.0,9059.0,125.0,103.0,514.0,488.0
Paulding,Syphillis,2021,2,10.6,18900.0,9461.0,9439.0,9108.0,9095.0,125.0,111.0,529.0,501.0
Paulding,Syphillis,2022,0,0.0,18763.0,9433.0,9330.0,9075.0,8977.0,129.0,118.0,563.0,517.0
Paulding,Syphillis,2023,1,5.3,18728.0,9450.0,9278.0,9047.0,8888.0,138.0,126.0,607.0,540.0
Paulding,Syphillis,2024,2,10.7,18755.0,9425.0,9330.0,8997.0,8940.0,132.0,111.0,633.0,565.0
Perry,Chlaydia,2020,89,245.8,35455.0,17875.0,17580.0,17383.0,17085.0,114.0,85.0,122.0,128.0
Perry,Chlaydia,2021,81,228.5,35478.0,17859.0,17619.0,17330.0,17102.0,124.0,87.0,134.0,156.0
Perry,Chlaydia,2022,91,256.5,35483.0,17871.0,17612.0,17303.0,17076.0,144.0,98.0,148.0,162.0
Perry,Chlaydia,2023,65,182.8,35577.0,17872.0,17705.0,17297.0,17148.0,143.0,112.0,171.0,181.0
Perry,Chlaydia,2024,45,126.6,35682.0,17963.0,17719.0,17369.0,17121.0,161.0,138.0,180.0,191.0
Perry,Gonorrhoea,2020,21,45.1,35455.0,17875.0,17580.0,17383.0,17085.0,114.0,85.0,122.0,128.0
Perry,Gonorrhoea,2021,21,59.2,35478.0,17859.0,17619.0,17330.0,17102.0,124.0,87.0,134.0,156.0
Perry,Gonorrhoea,2022,16,58.0,35483.0,17871.0,17612.0,17303.0,17076.0,144.0,98.0,148.0,162.0
Perry,Gonorrhoea,2023,8,22.5,35577.0,17872.0,17705.0,17297.0,17148.0,143.0,112.0,171.0,181.0
Perry,Gonorrhoea,2024,4,11.3,35682.0,17963.0,17719.0,17369.0,17121.0,161.0,138.0,180.0,191.0
Perry,Syphillis,2020,3,8.3,35455.0,17875.0,17580.0,17383.0,17085.0,114.0,85.0,122.0,128.0
Perry,Syphillis,2021,1,2.8,35478.0,17859.0,17619.0,17330.0,17102.0,124.0,87.0,134.0,156.0
Perry,Syphillis,2022,3,8.5,35483.0,17871.0,17612.0,17303.0,17076.0,144.0,98.0,148.0,162.0
Perry,Syphillis,2023,2,5.6,35577.0,17872.0,17705.0,17297.0,17148.0,143.0,112.0,171.0,181.0
Perry,Syphillis,2024,4,11.3,35682.0,17963.0,17719.0,17369.0,17121.0,161.0,138.0,180.0,191.0
Pickaway,Chlaydia,2020,177,301.7,58664.0,30811.0,27853.0,28194.0,26746.0,1860.0,330.0,523.0,418.0
Pickaway,Chlaydia,2021,141,239.9,58781.0,30709.0,28072.0,28176.0,26891.0,1717.0,366.0,549.0,438.0
Pickaway,Chlaydia,2022,154,256.6,59987.0,31373.0,28614.0,28651.0,27316.0,1824.0,428.0,633.0,525.0
Pickaway,Chlaydia,2023,210,343.8,61064.0,32009.0,29055.0,29135.0,27667.0,1960.0,473.0,678.0,608.0
Pickaway,Chlaydia,2024,138,225.9,62158.0,32471.0,29687.0,29471.0,28161.0,2047.0,557.0,753.0,701.0
Pickaway,Gonorrhoea,2020,41,69.9,58664.0,30811.0,27853.0,28194.0,26746.0,1860.0,330.0,523.0,418.0
Pickaway,Gonorrhoea,2021,40,68.1,58781.0,30709.0,28072.0,28176.0,26891.0,1717.0,366.0,549.0,438.0
Pickaway,Gonorrhoea,2022,33,55.0,59987.0,31373.0,28614.0,28651.0,27316.0,1824.0,428.0,633.0,525.0
Pickaway,Gonorrhoea,2023,40,65.5,61064.0,32009.0,29055.0,29135.0,27667.0,1960.0,473.0,678.0,608.0
Pickaway,Gonorrhoea,2024,30,49.1,62158.0,32471.0,29687.0,29471.0,28161.0,2047.0,557.0,753.0,701.0
Pickaway,Syphillis,2020,33,56.3,58664.0,30811.0,27853.0,28194.0,26746.0,1860.0,330.0,523.0,418.0
Pickaway,Syphillis,2021,70,119.1,58781.0,30709.0,28072.0,28176.0,26891.0,1717.0,366.0,549.0,438.0
Pickaway,Syphillis,2022,121,201.6,59987.0,31373.0,28614.0,28651.0,27316.0,1824.0,428.0,633.0,525.0
Pickaway,Syphillis,2023,105,171.9,61064.0,32009.0,29055.0,29135.0,27667.0,1960.0,473.0,678.0,608.0
Pickaway,Syphillis,2024,101,165.3,62158.0,32471.0,29687.0,29471.0,28161.0,2047.0,557.0,753.0,701.0
Pike,Chlaydia,2020,102,368.3,27076.0,13513.0,13563.0,12905.0,12992.0,204.0,130.0,107.0,125.0
Pike,Chlaydia,2021,69,255.0,27103.0,13550.0,13553.0,12914.0,12955.0,210.0,137.0,116.0,141.0
Pike,Chlaydia,2022,65,240.7,26991.0,13515.0,13476.0,12858.0,12854.0,206.0,133.0,130.0,148.0
Pike,Chlaydia,2023,62,229.6,26983.0,13475.0,13508.0,12783.0,12899.0,218.0,139.0,137.0,149.0
Pike,Chlaydia,2024,69,255.5,27065.0,13497.0,13568.0,12778.0,12921.0,222.0,149.0,152.0,144.0
Pike,Gonorrhoea,2020,14,50.6,27076.0,13513.0,13563.0,12905.0,12992.0,204.0,130.0,107.0,125.0
Pike,Gonorrhoea,2021,27,99.8,27103.0,13550.0,13553.0,12914.0,12955.0,210.0,137.0,116.0,141.0
Pike,Gonorrhoea,2022,14,51.8,26991.0,13515.0,13476.0,12858.0,12854.0,206.0,133.0,130.0,148.0
Pike,Gonorrhoea,2023,9,33.3,26983.0,13475.0,13508.0,12783.0,12899.0,218.0,139.0,137.0,149.0
Pike,Gonorrhoea,2024,13,48.1,27065.0,13497.0,13568.0,12778.0,12921.0,222.0,149.0,152.0,144.0
Pike,Syphillis,2020,2,7.2,27076.0,13513.0,13563.0,12905.0,12992.0,204.0,130.0,107.0,125.0
Pike,Syphillis,2021,5,18.5,27103.0,13550.0,13553.0,12914.0,12955.0,210.0,137.0,116.0,141.0
Pike,Syphillis,2022,10,37.0,26991.0,13515.0,13476.0,12858.0,12854.0,206.0,133.0,130.0,148.0
Pike,Syphillis,2023,7,25.9,26983.0,13475.0,13508.0,12783.0,12899.0,218.0,139.0,137.0,149.0
Pike,Syphillis,2024,2,7.4,27065.0,13497.0,13568.0,12778.0,12921.0,222.0,149.0,152.0,144.0
Portage,Chlaydia,2020,590,362.9,161854.0,79712.0,82142.0,72316.0,74182.0,3780.0,4217.0,1671.0,1841.0
Portage,Chlaydia,2021,506,318.3,159086.0,78674.0,80412.0,71268.0,72447.0,3747.0,4139.0,1736.0,1791.0
Portage,Chlaydia,2022,543,335.7,161924.0,79796.0,82128.0,71705.0,73429.0,4131.0,4499.0,1832.0,1931.0
Portage,Chlaydia,2023,490,301.2,163075.0,80309.0,82766.0,71770.0,73698.0,4204.0,4612.0,1888.0,1962.0
Portage,Chlaydia,2024,440,270.5,163839.0,80685.0,83154.0,71734.0,73744.0,4324.0,4729.0,1957.0,1972.0
Portage,Gonorrhoea,2020,161,99.0,161854.0,79712.0,82142.0,72316.0,74182.0,3780.0,4217.0,1671.0,1841.0
Portage,Gonorrhoea,2021,177,111.3,159086.0,78674.0,80412.0,71268.0,72447.0,3747.0,4139.0,1736.0,1791.0
Portage,Gonorrhoea,2022,146,75.6,161924.0,79796.0,82128.0,71705.0,73429.0,4131.0,4499.0,1832.0,1931.0
Portage,Gonorrhoea,2023,123,90.3,163075.0,80309.0,82766.0,71770.0,73698.0,4204.0,4612.0,1888.0,1962.0
Portage,Gonorrhoea,2024,102,62.7,163839.0,80685.0,83154.0,71734.0,73744.0,4324.0,4729.0,1957.0,1972.0
Portage,Syphillis,2020,21,12.9,161854.0,79712.0,82142.0,72316.0,74182.0,3780.0,4217.0,1671.0,1841.0
Portage,Syphillis,2021,16,10.1,159086.0,78674.0,80412.0,71268.0,72447.0,3747.0,4139.0,1736.0,1791.0
Portage,Syphillis,2022,21,13.0,161924.0,79796.0,82128.0,71705.0,73429.0,4131.0,4499.0,1832.0,1931.0
Portage,Syphillis,2023,24,14.8,163075.0,80309.0,82766.0,71770.0,73698.0,4204.0,4612.0,1888.0,1962.0
Portage,Syphillis,2024,27,16.6,163839.0,80685.0,83154.0,71734.0,73744.0,4324.0,4729.0,1957.0,1972.0
Preble,Chlaydia,2020,73,178.8,41016.0,20513.0,20503.0,19818.0,19841.0,182.0,149.0,195.0,227.0
Preble,Chlaydia,2021,73,178.5,40886.0,20459.0,20427.0,19767.0,19772.0,192.0,138.0,210.0,240.0
Preble,Chlaydia,2022,62,152.7,40557.0,20274.0,20283.0,19547.0,19621.0,217.0,159.0,216.0,253.0
Preble,Chlaydia,2023,90,221.9,40563.0,20280.0,20283.0,19519.0,19582.0,228.0,166.0,224.0,255.0
Preble,Chlaydia,2024,74,182.5,40801.0,20355.0,20446.0,19561.0,19710.0,224.0,174.0,240.0,262.0
Preble,Gonorrhoea,2020,25,61.2,41016.0,20513.0,20503.0,19818.0,19841.0,182.0,149.0,195.0,227.0
Preble,Gonorrhoea,2021,36,88.0,40886.0,20459.0,20427.0,19767.0,19772.0,192.0,138.0,210.0,240.0
Preble,Gonorrhoea,2022,22,54.2,40557.0,20274.0,20283.0,19547.0,19621.0,217.0,159.0,216.0,253.0
Preble,Gonorrhoea,2023,30,74.0,40563.0,20280.0,20283.0,19519.0,19582.0,228.0,166.0,224.0,255.0
Preble,Gonorrhoea,2024,13,32.1,40801.0,20355.0,20446.0,19561.0,19710.0,224.0,174.0,240.0,262.0
Preble,Syphillis,2020,2,4.9,41016.0,20513.0,20503.0,19818.0,19841.0,182.0,149.0,195.0,227.0
Preble,Syphillis,2021,6,14.7,40886.0,20459.0,20427.0,19767.0,19772.0,192.0,138.0,210.0,240.0
Preble,Syphillis,2022,7,17.2,40557.0,20274.0,20283.0,19547.0,19621.0,217.0,159.0,216.0,253.0
Preble,Syphillis,2023,12,29.6,40563.0,20280.0,20283.0,19519.0,19582.0,228.0,166.0,224.0,255.0
Preble,Syphillis,2024,8,19.7,40801.0,20355.0,20446.0,19561.0,19710.0,224.0,174.0,240.0,262.0
Putnam,Chlaydia,2020,51,151.5,34407.0,17288.0,17119.0,16934.0,16779.0,124.0,81.0,1168.0,1065.0
Putnam,Chlaydia,2021,43,125.2,34371.0,17289.0,17082.0,16893.0,16711.0,142.0,91.0,1188.0,1104.0
Putnam,Chlaydia,2022,51,148.5,34331.0,17311.0,17020.0,16879.0,16631.0,158.0,101.0,1213.0,1098.0
Putnam,Chlaydia,2023,47,137.4,34254.0,17239.0,17015.0,16779.0,16586.0,161.0,102.0,1234.0,1106.0
Putnam,Chlaydia,2024,38,111.1,34206.0,17225.0,16981.0,16726.0,16494.0,158.0,105.0,1265.0,1138.0
Putnam,Gonorrhoea,2020,12,35.7,34407.0,17288.0,17119.0,16934.0,16779.0,124.0,81.0,1168.0,1065.0
Putnam,Gonorrhoea,2021,11,32.0,34371.0,17289.0,17082.0,16893.0,16711.0,142.0,91.0,1188.0,1104.0
Putnam,Gonorrhoea,2022,8,23.3,34331.0,17311.0,17020.0,16879.0,16631.0,158.0,101.0,1213.0,1098.0
Putnam,Gonorrhoea,2023,11,32.2,34254.0,17239.0,17015.0,16779.0,16586.0,161.0,102.0,1234.0,1106.0
Putnam,Gonorrhoea,2024,6,17.5,34206.0,17225.0,16981.0,16726.0,16494.0,158.0,105.0,1265.0,1138.0
Putnam,Syphillis,2020,0,0.0,34407.0,17288.0,17119.0,16934.0,16779.0,124.0,81.0,1168.0,1065.0
Putnam,Syphillis,2021,0,0.0,34371.0,17289.0,17082.0,16893.0,16711.0,142.0,91.0,1188.0,1104.0
Putnam,Syphillis,2022,1,2.9,34331.0,17311.0,17020.0,16879.0,16631.0,158.0,101.0,1213.0,1098.0
Putnam,Syphillis,2023,1,2.9,34254.0,17239.0,17015.0,16779.0,16586.0,161.0,102.0,1234.0,1106.0
Putnam,Syphillis,2024,8,23.4,34206.0,17225.0,16981.0,16726.0,16494.0,158.0,105.0,1265.0,1138.0
Richland,Chlaydia,2020,553,457.4,124988.0,63937.0,61051.0,54090.0,54450.0,7630.0,4402.0,1452.0,1165.0
Richland,Chlaydia,2021,543,433.3,125382.0,64304.0,61078.0,54269.0,54456.0,7735.0,4372.0,1549.0,1205.0
Richland,Chlaydia,2022,500,399.0,125268.0,64362.0,60906.0,54132.0,54288.0,7856.0,4308.0,1597.0,1253.0
Richland,Chlaydia,2023,432,345.4,125003.0,64288.0,60715.0,53984.0,54116.0,7866.0,4267.0,1606.0,1300.0
Richland,Chlaydia,2024,447,357.4,124853.0,64222.0,60631.0,53906.0,53923.0,7822.0,4265.0,1687.0,1372.0
Richland,Gonorrhoea,2020,259,134.0,124988.0,63937.0,61051.0,54090.0,54450.0,7630.0,4402.0,1452.0,1165.0
Richland,Gonorrhoea,2021,168,214.2,125382.0,64304.0,61078.0,54269.0,54456.0,7735.0,4372.0,1549.0,1205.0
Richland,Gonorrhoea,2022,172,137.2,125268.0,64362.0,60906.0,54132.0,54288.0,7856.0,4308.0,1597.0,1253.0
Richland,Gonorrhoea,2023,172,137.5,125003.0,64288.0,60715.0,53984.0,54116.0,7866.0,4267.0,1606.0,1300.0
Richland,Gonorrhoea,2024,124,99.1,124853.0,64222.0,60631.0,53906.0,53923.0,7822.0,4265.0,1687.0,1372.0
Richland,Syphillis,2020,3,2.5,124988.0,63937.0,61051.0,54090.0,54450.0,7630.0,4402.0,1452.0,1165.0
Richland,Syphillis,2021,20,16.0,125382.0,64304.0,61078.0,54269.0,54456.0,7735.0,4372.0,1549.0,1205.0
Richland,Syphillis,2022,18,14.4,125268.0,64362.0,60906.0,54132.0,54288.0,7856.0,4308.0,1597.0,1253.0
Richland,Syphillis,2023,32,25.6,125003.0,64288.0,60715.0,53984.0,54116.0,7866.0,4267.0,1606.0,1300.0
Richland,Syphillis,2024,31,24.8,124853.0,64222.0,60631.0,53906.0,53923.0,7822.0,4265.0,1687.0,1372.0
Ross,Chlaydia,2020,231,302.3,77068.0,40413.0,36655.0,35646.0,34210.0,3330.0,1054.0,600.0,453.0
Ross,Chlaydia,2021,209,273.1,76526.0,40023.0,36503.0,35292.0,34128.0,3269.0,1025.0,590.0,437.0
Ross,Chlaydia,2022,176,229.7,76479.0,40072.0,36407.0,35149.0,34011.0,3401.0,1010.0,634.0,466.0
Ross,Chlaydia,2023,199,260.1,76340.0,39992.0,36348.0,35024.0,33878.0,3379.0,1015.0,656.0,474.0
Ross,Chlaydia,2024,190,248.4,76046.0,39859.0,36187.0,34901.0,33738.0,3401.0,986.0,665.0,483.0
Ross,Gonorrhoea,2020,52,68.0,77068.0,40413.0,36655.0,35646.0,34210.0,3330.0,1054.0,600.0,453.0
Ross,Gonorrhoea,2021,54,70.6,76526.0,40023.0,36503.0,35292.0,34128.0,3269.0,1025.0,590.0,437.0
Ross,Gonorrhoea,2022,59,77.0,76479.0,40072.0,36407.0,35149.0,34011.0,3401.0,1010.0,634.0,466.0
Ross,Gonorrhoea,2023,43,56.2,76340.0,39992.0,36348.0,35024.0,33878.0,3379.0,1015.0,656.0,474.0
Ross,Gonorrhoea,2024,36,47.1,76046.0,39859.0,36187.0,34901.0,33738.0,3401.0,986.0,665.0,483.0
Ross,Syphillis,2020,9,11.8,77068.0,40413.0,36655.0,35646.0,34210.0,3330.0,1054.0,600.0,453.0
Ross,Syphillis,2021,8,10.5,76526.0,40023.0,36503.0,35292.0,34128.0,3269.0,1025.0,590.0,437.0
Ross,Syphillis,2022,20,26.1,76479.0,40072.0,36407.0,35149.0,34011.0,3401.0,1010.0,634.0,466.0
Ross,Syphillis,2023,17,22.2,76340.0,39992.0,36348.0,35024.0,33878.0,3379.0,1015.0,656.0,474.0
Ross,Syphillis,2024,13,17.0,76046.0,39859.0,36187.0,34901.0,33738.0,3401.0,986.0,665.0,483.0
Sandusky,Chlaydia,2020,213,365.0,58878.0,29403.0,29475.0,27255.0,27462.0,1090.0,946.0,3086.0,3014.0
Sandusky,Chlaydia,2021,171,291.0,58769.0,29337.0,29432.0,27122.0,27362.0,1105.0,953.0,3146.0,3088.0
Sandusky,Chlaydia,2022,193,329.0,58591.0,29294.0,29297.0,27012.0,27198.0,1113.0,967.0,3248.0,3167.0
Sandusky,Chlaydia,2023,187,318.5,58785.0,29406.0,29379.0,27036.0,27259.0,1104.0,983.0,3329.0,3267.0
Sandusky,Chlaydia,2024,164,279.3,58866.0,29448.0,29418.0,26968.0,27243.0,1133.0,1016.0,3398.0,3410.0
Sandusky,Gonorrhoea,2020,58,99.4,58878.0,29403.0,29475.0,27255.0,27462.0,1090.0,946.0,3086.0,3014.0
Sandusky,Gonorrhoea,2021,52,76.7,58769.0,29337.0,29432.0,27122.0,27362.0,1105.0,953.0,3146.0,3088.0
Sandusky,Gonorrhoea,2022,45,88.5,58591.0,29294.0,29297.0,27012.0,27198.0,1113.0,967.0,3248.0,3167.0
Sandusky,Gonorrhoea,2023,25,42.6,58785.0,29406.0,29379.0,27036.0,27259.0,1104.0,983.0,3329.0,3267.0
Sandusky,Gonorrhoea,2024,19,32.4,58866.0,29448.0,29418.0,26968.0,27243.0,1133.0,1016.0,3398.0,3410.0
Sandusky,Syphillis,2020,5,8.6,58878.0,29403.0,29475.0,27255.0,27462.0,1090.0,946.0,3086.0,3014.0
Sandusky,Syphillis,2021,4,6.8,58769.0,29337.0,29432.0,27122.0,27362.0,1105.0,953.0,3146.0,3088.0
Sandusky,Syphillis,2022,4,6.8,58591.0,29294.0,29297.0,27012.0,27198.0,1113.0,967.0,3248.0,3167.0
Sandusky,Syphillis,2023,6,10.2,58785.0,29406.0,29379.0,27036.0,27259.0,1104.0,983.0,3329.0,3267.0
Sandusky,Syphillis,2024,5,8.5,58866.0,29448.0,29418.0,26968.0,27243.0,1133.0,1016.0,3398.0,3410.0
Scioto,Chlaydia,2020,199,267.7,73852.0,36756.0,37096.0,34178.0,35391.0,1457.0,588.0,561.0,495.0
Scioto,Chlaydia,2021,173,236.9,72998.0,36312.0,36686.0,33713.0,34979.0,1472.0,585.0,577.0,512.0
Scioto,Chlaydia,2022,132,182.8,72312.0,35929.0,36383.0,33340.0,34677.0,1440.0,577.0,598.0,516.0
Scioto,Chlaydia,2023,201,279.3,72176.0,35944.0,36232.0,33281.0,34503.0,1509.0,594.0,658.0,532.0
Scioto,Chlaydia,2024,208,289.0,71798.0,35754.0,36044.0,33023.0,34266.0,1541.0,620.0,720.0,553.0
Scioto,Gonorrhoea,2020,75,69.9,73852.0,36756.0,37096.0,34178.0,35391.0,1457.0,588.0,561.0,495.0
Scioto,Gonorrhoea,2021,66,100.9,72998.0,36312.0,36686.0,33713.0,34979.0,1472.0,585.0,577.0,512.0
Scioto,Gonorrhoea,2022,51,48.5,72312.0,35929.0,36383.0,33340.0,34677.0,1440.0,577.0,598.0,516.0
Scioto,Gonorrhoea,2023,39,76.4,72176.0,35944.0,36232.0,33281.0,34503.0,1509.0,594.0,658.0,532.0
Scioto,Gonorrhoea,2024,35,40.3,71798.0,35754.0,36044.0,33023.0,34266.0,1541.0,620.0,720.0,553.0
Scioto,Syphillis,2020,13,17.5,73852.0,36756.0,37096.0,34178.0,35391.0,1457.0,588.0,561.0,495.0
Scioto,Syphillis,2021,9,12.3,72998.0,36312.0,36686.0,33713.0,34979.0,1472.0,585.0,577.0,512.0
Scioto,Syphillis,2022,13,18.0,72312.0,35929.0,36383.0,33340.0,34677.0,1440.0,577.0,598.0,516.0
Scioto,Syphillis,2023,11,15.3,72176.0,35944.0,36232.0,33281.0,34503.0,1509.0,594.0,658.0,532.0
Scioto,Syphillis,2024,13,18.1,71798.0,35754.0,36044.0,33023.0,34266.0,1541.0,620.0,720.0,553.0
Seneca,Chlaydia,2020,189,344.0,55055.0,27722.0,27333.0,25884.0,25699.0,842.0,640.0,1558.0,1370.0
Seneca,Chlaydia,2021,188,342.1,54876.0,27590.0,27286.0,25748.0,25643.0,829.0,626.0,1601.0,1429.0
Seneca,Chlaydia,2022,194,355.1,54563.0,27441.0,27122.0,25546.0,25410.0,833.0,653.0,1616.0,1479.0
Seneca,Chlaydia,2023,185,339.3,54628.0,27421.0,27207.0,25486.0,25363.0,833.0,650.0,1695.0,1503.0
Seneca,Chlaydia,2024,132,242.1,54730.0,27466.0,27264.0,25478.0,25322.0,843.0,655.0,1800.0,1566.0
Seneca,Gonorrhoea,2020,45,51.4,55055.0,27722.0,27333.0,25884.0,25699.0,842.0,640.0,1558.0,1370.0
Seneca,Gonorrhoea,2021,55,120.1,54876.0,27590.0,27286.0,25748.0,25643.0,829.0,626.0,1601.0,1429.0
Seneca,Gonorrhoea,2022,28,71.0,54563.0,27441.0,27122.0,25546.0,25410.0,833.0,653.0,1616.0,1479.0
Seneca,Gonorrhoea,2023,29,82.4,54628.0,27421.0,27207.0,25486.0,25363.0,833.0,650.0,1695.0,1503.0
Seneca,Gonorrhoea,2024,26,47.7,54730.0,27466.0,27264.0,25478.0,25322.0,843.0,655.0,1800.0,1566.0
Seneca,Syphillis,2020,1,1.8,55055.0,27722.0,27333.0,25884.0,25699.0,842.0,640.0,1558.0,1370.0
Seneca,Syphillis,2021,2,3.6,54876.0,27590.0,27286.0,25748.0,25643.0,829.0,626.0,1601.0,1429.0
Seneca,Syphillis,2022,6,11.0,54563.0,27441.0,27122.0,25546.0,25410.0,833.0,653.0,1616.0,1479.0
Seneca,Syphillis,2023,6,11.0,54628.0,27421.0,27207.0,25486.0,25363.0,833.0,650.0,1695.0,1503.0
Seneca,Syphillis,2024,2,3.7,54730.0,27466.0,27264.0,25478.0,25322.0,843.0,655.0,1800.0,1566.0
Shelby,Chlaydia,2020,160,331.0,48154.0,24264.0,23890.0,22681.0,22457.0,605.0,509.0,382.0,392.0
Shelby,Chlaydia,2021,134,279.0,48032.0,24220.0,23812.0,22633.0,22377.0,617.0,511.0,401.0,387.0
Shelby,Chlaydia,2022,130,272.7,47723.0,24096.0,23627.0,22497.0,22188.0,642.0,524.0,421.0,416.0
Shelby,Chlaydia,2023,144,301.5,47785.0,24147.0,23638.0,22519.0,22129.0,662.0,543.0,426.0,422.0
Shelby,Chlaydia,2024,95,198.9,47952.0,24226.0,23726.0,22527.0,22159.0,699.0,552.0,462.0,465.0
Shelby,Gonorrhoea,2020,35,72.4,48154.0,24264.0,23890.0,22681.0,22457.0,605.0,509.0,382.0,392.0
Shelby,Gonorrhoea,2021,43,89.5,48032.0,24220.0,23812.0,22633.0,22377.0,617.0,511.0,401.0,387.0
Shelby,Gonorrhoea,2022,27,56.6,47723.0,24096.0,23627.0,22497.0,22188.0,642.0,524.0,421.0,416.0
Shelby,Gonorrhoea,2023,24,50.2,47785.0,24147.0,23638.0,22519.0,22129.0,662.0,543.0,426.0,422.0
Shelby,Gonorrhoea,2024,10,20.9,47952.0,24226.0,23726.0,22527.0,22159.0,699.0,552.0,462.0,465.0
Shelby,Syphillis,2020,4,8.3,48154.0,24264.0,23890.0,22681.0,22457.0,605.0,509.0,382.0,392.0
Shelby,Syphillis,2021,1,2.1,48032.0,24220.0,23812.0,22633.0,22377.0,617.0,511.0,401.0,387.0
Shelby,Syphillis,2022,3,6.3,47723.0,24096.0,23627.0,22497.0,22188.0,642.0,524.0,421.0,416.0
Shelby,Syphillis,2023,8,16.7,47785.0,24147.0,23638.0,22519.0,22129.0,662.0,543.0,426.0,422.0
Shelby,Syphillis,2024,5,10.5,47952.0,24226.0,23726.0,22527.0,22159.0,699.0,552.0,462.0,465.0
Stark,Chlaydia,2020,1632,441.4,374552.0,183325.0,191227.0,160775.0,167754.0,14703.0,15439.0,5423.0,5123.0
Stark,Chlaydia,2021,1625,434.9,373861.0,182990.0,190871.0,160142.0,166937.0,14790.0,15629.0,5633.0,5302.0
Stark,Chlaydia,2022,1633,438.2,373008.0,182516.0,190492.0,159402.0,166197.0,14809.0,15685.0,5836.0,5501.0
Stark,Chlaydia,2023,1627,436.5,373052.0,182370.0,190682.0,158998.0,166051.0,14796.0,15706.0,6074.0,5649.0
Stark,Chlaydia,2024,1517,407.0,374091.0,182906.0,191185.0,159113.0,166024.0,14938.0,15836.0,6385.0,5870.0
Stark,Gonorrhoea,2020,786,163.9,374552.0,183325.0,191227.0,160775.0,167754.0,14703.0,15439.0,5423.0,5123.0
Stark,Gonorrhoea,2021,820,199.9,373861.0,182990.0,190871.0,160142.0,166937.0,14790.0,15629.0,5633.0,5302.0
Stark,Gonorrhoea,2022,745,219.5,373008.0,182516.0,190492.0,159402.0,166197.0,14809.0,15685.0,5836.0,5501.0
Stark,Gonorrhoea,2023,611,212.6,373052.0,182370.0,190682.0,158998.0,166051.0,14796.0,15706.0,6074.0,5649.0
Stark,Gonorrhoea,2024,507,136.0,374091.0,182906.0,191185.0,159113.0,166024.0,14938.0,15836.0,6385.0,5870.0
Stark,Syphillis,2020,45,12.2,374552.0,183325.0,191227.0,160775.0,167754.0,14703.0,15439.0,5423.0,5123.0
Stark,Syphillis,2021,67,17.9,373861.0,182990.0,190871.0,160142.0,166937.0,14790.0,15629.0,5633.0,5302.0
Stark,Syphillis,2022,113,30.3,373008.0,182516.0,190492.0,159402.0,166197.0,14809.0,15685.0,5836.0,5501.0
Stark,Syphillis,2023,132,35.4,373052.0,182370.0,190682.0,158998.0,166051.0,14796.0,15706.0,6074.0,5649.0
Stark,Syphillis,2024,170,45.6,374091.0,182906.0,191185.0,159113.0,166024.0,14938.0,15836.0,6385.0,5870.0
Summit,Chlaydia,2020,3062,568.2,539835.0,263123.0,276712.0,205917.0,213088.0,38232.0,43975.0,6643.0,6626.0
Summit,Chlaydia,2021,2881,536.3,537516.0,261655.0,275861.0,203872.0,211419.0,38269.0,44164.0,6886.0,6882.0
Summit,Chlaydia,2022,2800,522.5,536582.0,261091.0,275491.0,202564.0,210185.0,38212.0,44396.0,7250.0,7264.0
Summit,Chlaydia,2023,2817,525.8,537019.0,261087.0,275932.0,201749.0,209537.0,38324.0,44624.0,7630.0,7732.0
Summit,Chlaydia,2024,2575,480.6,538370.0,261625.0,276745.0,201467.0,209246.0,38475.0,44899.0,8027.0,8233.0
Summit,Gonorrhoea,2020,1877,199.4,539835.0,263123.0,276712.0,205917.0,213088.0,38232.0,43975.0,6643.0,6626.0
Summit,Gonorrhoea,2021,1675,348.3,537516.0,261655.0,275861.0,203872.0,211419.0,38269.0,44164.0,6886.0,6882.0
Summit,Gonorrhoea,2022,1279,311.8,536582.0,261091.0,275491.0,202564.0,210185.0,38212.0,44396.0,7250.0,7264.0
Summit,Gonorrhoea,2023,1068,238.7,537019.0,261087.0,275932.0,201749.0,209537.0,38324.0,44624.0,7630.0,7732.0
Summit,Gonorrhoea,2024,1036,193.4,538370.0,261625.0,276745.0,201467.0,209246.0,38475.0,44899.0,8027.0,8233.0
Summit,Syphillis,2020,103,19.1,539835.0,263123.0,276712.0,205917.0,213088.0,38232.0,43975.0,6643.0,6626.0
Summit,Syphillis,2021,201,37.4,537516.0,261655.0,275861.0,203872.0,211419.0,38269.0,44164.0,6886.0,6882.0
Summit,Syphillis,2022,282,52.6,536582.0,261091.0,275491.0,202564.0,210185.0,38212.0,44396.0,7250.0,7264.0
Summit,Syphillis,2023,307,57.3,537019.0,261087.0,275932.0,201749.0,209537.0,38324.0,44624.0,7630.0,7732.0
Summit,Syphillis,2024,308,57.5,538370.0,261625.0,276745.0,201467.0,209246.0,38475.0,44899.0,8027.0,8233.0
Trumbull,Chlaydia,2020,853,433.4,201682.0,99102.0,102580.0,87547.0,90446.0,8508.0,9006.0,2120.0,2064.0
Trumbull,Chlaydia,2021,783,388.7,201594.0,99195.0,102399.0,87353.0,90022.0,8663.0,9102.0,2216.0,2129.0
Trumbull,Chlaydia,2022,827,412.2,200716.0,98878.0,101838.0,86709.0,89391.0,8814.0,9086.0,2351.0,2221.0
Trumbull,Chlaydia,2023,721,359.8,200354.0,98668.0,101686.0,86425.0,89227.0,8837.0,9065.0,2499.0,2343.0
Trumbull,Chlaydia,2024,572,285.5,200300.0,98567.0,101733.0,86107.0,88991.0,8913.0,9152.0,2609.0,2456.0
Trumbull,Gonorrhoea,2020,504,124.8,201682.0,99102.0,102580.0,87547.0,90446.0,8508.0,9006.0,2120.0,2064.0
Trumbull,Gonorrhoea,2021,387,256.1,201594.0,99195.0,102399.0,87353.0,90022.0,8663.0,9102.0,2216.0,2129.0
Trumbull,Gonorrhoea,2022,434,192.1,200716.0,98878.0,101838.0,86709.0,89391.0,8814.0,9086.0,2351.0,2221.0
Trumbull,Gonorrhoea,2023,250,216.3,200354.0,98668.0,101686.0,86425.0,89227.0,8837.0,9065.0,2499.0,2343.0
Trumbull,Gonorrhoea,2024,178,88.8,200300.0,98567.0,101733.0,86107.0,88991.0,8913.0,9152.0,2609.0,2456.0
Trumbull,Syphillis,2020,10,5.1,201682.0,99102.0,102580.0,87547.0,90446.0,8508.0,9006.0,2120.0,2064.0
Trumbull,Syphillis,2021,23,11.4,201594.0,99195.0,102399.0,87353.0,90022.0,8663.0,9102.0,2216.0,2129.0
Trumbull,Syphillis,2022,37,18.4,200716.0,98878.0,101838.0,86709.0,89391.0,8814.0,9086.0,2351.0,2221.0
Trumbull,Syphillis,2023,42,21.0,200354.0,98668.0,101686.0,86425.0,89227.0,8837.0,9065.0,2499.0,2343.0
Trumbull,Syphillis,2024,35,17.5,200300.0,98567.0,101733.0,86107.0,88991.0,8913.0,9152.0,2609.0,2456.0
Tuscarawas,Chlaydia,2020,255,277.9,93199.0,46498.0,46701.0,44541.0,44948.0,551.0,441.0,2280.0,1709.0
Tuscarawas,Chlaydia,2021,281,303.4,92631.0,46204.0,46427.0,44257.0,44693.0,544.0,432.0,2333.0,1756.0
Tuscarawas,Chlaydia,2022,200,217.5,92030.0,45926.0,46104.0,43955.0,44357.0,559.0,442.0,2433.0,1858.0
Tuscarawas,Chlaydia,2023,232,252.5,92017.0,45957.0,46060.0,43868.0,44262.0,594.0,452.0,2502.0,1958.0
Tuscarawas,Chlaydia,2024,219,238.4,92048.0,45981.0,46067.0,43777.0,44283.0,626.0,478.0,2623.0,2083.0
Tuscarawas,Gonorrhoea,2020,46,50.1,93199.0,46498.0,46701.0,44541.0,44948.0,551.0,441.0,2280.0,1709.0
Tuscarawas,Gonorrhoea,2021,54,44.6,92631.0,46204.0,46427.0,44257.0,44693.0,544.0,432.0,2333.0,1756.0
Tuscarawas,Gonorrhoea,2022,41,58.3,92030.0,45926.0,46104.0,43955.0,44357.0,559.0,442.0,2433.0,1858.0
Tuscarawas,Gonorrhoea,2023,34,37.0,92017.0,45957.0,46060.0,43868.0,44262.0,594.0,452.0,2502.0,1958.0
Tuscarawas,Gonorrhoea,2024,24,26.1,92048.0,45981.0,46067.0,43777.0,44283.0,626.0,478.0,2623.0,2083.0
Tuscarawas,Syphillis,2020,2,2.2,93199.0,46498.0,46701.0,44541.0,44948.0,551.0,441.0,2280.0,1709.0
Tuscarawas,Syphillis,2021,3,3.2,92631.0,46204.0,46427.0,44257.0,44693.0,544.0,432.0,2333.0,1756.0
Tuscarawas,Syphillis,2022,3,3.3,92030.0,45926.0,46104.0,43955.0,44357.0,559.0,442.0,2433.0,1858.0
Tuscarawas,Syphillis,2023,5,5.4,92017.0,45957.0,46060.0,43868.0,44262.0,594.0,452.0,2502.0,1958.0
Tuscarawas,Syphillis,2024,7,7.6,92048.0,45981.0,46067.0,43777.0,44283.0,626.0,478.0,2623.0,2083.0
Union,Chlaydia,2020,154,256.6,63090.0,30478.0,32612.0,27618.0,29089.0,525.0,1226.0,783.0,771.0
Union,Chlaydia,2021,187,287.2,65119.0,31448.0,33671.0,28350.0,29938.0,565.0,1305.0,930.0,911.0
Union,Chlaydia,2022,162,242.2,66927.0,32546.0,34381.0,29134.0,30419.0,663.0,1234.0,1113.0,1072.0
Union,Chlaydia,2023,181,259.9,69765.0,33923.0,35842.0,29996.0,31352.0,738.0,1395.0,1384.0,1273.0
Union,Chlaydia,2024,126,180.9,71721.0,34975.0,36746.0,30677.0,31870.0,815.0,1439.0,1622.0,1443.0
Union,Gonorrhoea,2020,56,93.3,63090.0,30478.0,32612.0,27618.0,29089.0,525.0,1226.0,783.0,771.0
Union,Gonorrhoea,2021,46,54.6,65119.0,31448.0,33671.0,28350.0,29938.0,565.0,1305.0,930.0,911.0
Union,Gonorrhoea,2022,37,70.6,66927.0,32546.0,34381.0,29134.0,30419.0,663.0,1234.0,1113.0,1072.0
Union,Gonorrhoea,2023,38,55.3,69765.0,33923.0,35842.0,29996.0,31352.0,738.0,1395.0,1384.0,1273.0
Union,Gonorrhoea,2024,38,54.6,71721.0,34975.0,36746.0,30677.0,31870.0,815.0,1439.0,1622.0,1443.0
Union,Syphillis,2020,24,40.0,63090.0,30478.0,32612.0,27618.0,29089.0,525.0,1226.0,783.0,771.0
Union,Syphillis,2021,26,39.9,65119.0,31448.0,33671.0,28350.0,29938.0,565.0,1305.0,930.0,911.0
Union,Syphillis,2022,44,65.8,66927.0,32546.0,34381.0,29134.0,30419.0,663.0,1234.0,1113.0,1072.0
Union,Syphillis,2023,50,71.8,69765.0,33923.0,35842.0,29996.0,31352.0,738.0,1395.0,1384.0,1273.0
Union,Syphillis,2024,57,81.9,71721.0,34975.0,36746.0,30677.0,31870.0,815.0,1439.0,1622.0,1443.0
Unknown County,Chlaydia,2020,960,,,,,,,,,,
Unknown County,Chlaydia,2021,647,,,,,,,,,,
Unknown County,Chlaydia,2022,381,,,,,,,,,,
Unknown County,Chlaydia,2023,257,,,,,,,,,,
Unknown County,Chlaydia,2024,206,,,,,,,,,,
Unknown County,Gonorrhoea,2020,443,,,,,,,,,,
Unknown County,Gonorrhoea,2021,319,,,,,,,,,,
Unknown County,Gonorrhoea,2022,106,,,,,,,,,,
Unknown County,Gonorrhoea,2023,80,,,,,,,,,,
Unknown County,Gonorrhoea,2024,58,,,,,,,,,,
Unknown County,Syphillis,2020,0,,,,,,,,,,
Unknown County,Syphillis,2021,0,,,,,,,,,,
Unknown County,Syphillis,2022,0,,,,,,,,,,
Unknown County,Syphillis,2023,0,,,,,,,,,,
Unknown County,Syphillis,2024,0,,,,,,,,,,
Van Wert,Chlaydia,2020,96,340.9,28919.0,14374.0,14545.0,13888.0,14057.0,211.0,121.0,572.0,546.0
Van Wert,Chlaydia,2021,54,187.7,28793.0,14320.0,14473.0,13811.0,13977.0,210.0,117.0,576.0,558.0
Van Wert,Chlaydia,2022,70,243.3,28806.0,14283.0,14523.0,13760.0,13994.0,214.0,136.0,581.0,621.0
Van Wert,Chlaydia,2023,78,271.7,28725.0,14264.0,14461.0,13707.0,13877.0,221.0,144.0,592.0,672.0
Van Wert,Chlaydia,2024,53,184.6,28887.0,14333.0,14554.0,13760.0,13919.0,223.0,160.0,622.0,754.0
Van Wert,Gonorrhoea,2020,13,20.9,28919.0,14374.0,14545.0,13888.0,14057.0,211.0,121.0,572.0,546.0
Van Wert,Gonorrhoea,2021,16,46.2,28793.0,14320.0,14473.0,13811.0,13977.0,210.0,117.0,576.0,558.0
Van Wert,Gonorrhoea,2022,14,55.6,28806.0,14283.0,14523.0,13760.0,13994.0,214.0,136.0,581.0,621.0
Van Wert,Gonorrhoea,2023,6,48.7,28725.0,14264.0,14461.0,13707.0,13877.0,221.0,144.0,592.0,672.0
Van Wert,Gonorrhoea,2024,5,17.4,28887.0,14333.0,14554.0,13760.0,13919.0,223.0,160.0,622.0,754.0
Van Wert,Syphillis,2020,1,3.6,28919.0,14374.0,14545.0,13888.0,14057.0,211.0,121.0,572.0,546.0
Van Wert,Syphillis,2021,0,0.0,28793.0,14320.0,14473.0,13811.0,13977.0,210.0,117.0,576.0,558.0
Van Wert,Syphillis,2022,2,7.0,28806.0,14283.0,14523.0,13760.0,13994.0,214.0,136.0,581.0,621.0
Van Wert,Syphillis,2023,5,17.4,28725.0,14264.0,14461.0,13707.0,13877.0,221.0,144.0,592.0,672.0
Van Wert,Syphillis,2024,1,3.5,28887.0,14333.0,14554.0,13760.0,13919.0,223.0,160.0,622.0,754.0
Vinton,Chlaydia,2020,23,177.3,12808.0,6452.0,6356.0,6260.0,6165.0,38.0,37.0,49.0,53.0
Vinton,Chlaydia,2021,25,196.7,12714.0,6384.0,6330.0,6189.0,6146.0,38.0,35.0,56.0,57.0
Vinton,Chlaydia,2022,18,143.3,12585.0,6333.0,6252.0,6133.0,6066.0,42.0,34.0,71.0,61.0
Vinton,Chlaydia,2023,36,288.6,12498.0,6299.0,6199.0,6083.0,6012.0,42.0,35.0,70.0,66.0
Vinton,Chlaydia,2024,20,160.3,12545.0,6333.0,6212.0,6091.0,6001.0,47.0,36.0,76.0,62.0
Vinton,Gonorrhoea,2020,9,69.4,12808.0,6452.0,6356.0,6260.0,6165.0,38.0,37.0,49.0,53.0
Vinton,Gonorrhoea,2021,10,78.7,12714.0,6384.0,6330.0,6189.0,6146.0,38.0,35.0,56.0,57.0
Vinton,Gonorrhoea,2022,5,39.8,12585.0,6333.0,6252.0,6133.0,6066.0,42.0,34.0,71.0,61.0
Vinton,Gonorrhoea,2023,3,24.1,12498.0,6299.0,6199.0,6083.0,6012.0,42.0,35.0,70.0,66.0
Vinton,Gonorrhoea,2024,3,24.1,12545.0,6333.0,6212.0,6091.0,6001.0,47.0,36.0,76.0,62.0
Vinton,Syphillis,2020,2,15.4,12808.0,6452.0,6356.0,6260.0,6165.0,38.0,37.0,49.0,53.0
Vinton,Syphillis,2021,2,15.7,12714.0,6384.0,6330.0,6189.0,6146.0,38.0,35.0,56.0,57.0
Vinton,Syphillis,2022,1,8.0,12585.0,6333.0,6252.0,6133.0,6066.0,42.0,34.0,71.0,61.0
Vinton,Syphillis,2023,3,24.1,12498.0,6299.0,6199.0,6083.0,6012.0,42.0,35.0,70.0,66.0
Vinton,Syphillis,2024,1,8.0,12545.0,6333.0,6212.0,6091.0,6001.0,47.0,36.0,76.0,62.0
Warren,Chlaydia,2020,482,202.2,243236.0,123137.0,120099.0,106460.0,106103.0,5588.0,3370.0,3775.0,3983.0
Warren,Chlaydia,2021,463,187.6,246868.0,124921.0,121947.0,107392.0,107065.0,5756.0,3644.0,3938.0,4187.0
Warren,Chlaydia,2022,417,166.9,250298.0,126476.0,123822.0,108039.0,107848.0,5729.0,3867.0,4243.0,4461.0
Warren,Chlaydia,2023,442,175.3,253579.0,128001.0,125578.0,108470.0,108575.0,5851.0,4027.0,4481.0,4826.0
Warren,Chlaydia,2024,363,144.0,256059.0,129184.0,126875.0,108586.0,108702.0,5957.0,4263.0,4751.0,5095.0
Warren,Gonorrhoea,2020,157,49.8,243236.0,123137.0,120099.0,106460.0,106103.0,5588.0,3370.0,3775.0,3983.0
Warren,Gonorrhoea,2021,123,65.9,246868.0,124921.0,121947.0,107392.0,107065.0,5756.0,3644.0,3938.0,4187.0
Warren,Gonorrhoea,2022,98,36.5,250298.0,126476.0,123822.0,108039.0,107848.0,5729.0,3867.0,4243.0,4461.0
Warren,Gonorrhoea,2023,92,39.2,253579.0,128001.0,125578.0,108470.0,108575.0,5851.0,4027.0,4481.0,4826.0
Warren,Gonorrhoea,2024,76,30.1,256059.0,129184.0,126875.0,108586.0,108702.0,5957.0,4263.0,4751.0,5095.0
Warren,Syphillis,2020,22,9.2,243236.0,123137.0,120099.0,106460.0,106103.0,5588.0,3370.0,3775.0,3983.0
Warren,Syphillis,2021,17,6.9,246868.0,124921.0,121947.0,107392.0,107065.0,5756.0,3644.0,3938.0,4187.0
Warren,Syphillis,2022,22,8.8,250298.0,126476.0,123822.0,108039.0,107848.0,5729.0,3867.0,4243.0,4461.0
Warren,Syphillis,2023,30,11.9,253579.0,128001.0,125578.0,108470.0,108575.0,5851.0,4027.0,4481.0,4826.0
Warren,Syphillis,2024,18,7.1,256059.0,129184.0,126875.0,108586.0,108702.0,5957.0,4263.0,4751.0,5095.0
Washington,Chlaydia,2020,130,217.9,59656.0,29525.0,30131.0,28232.0,28954.0,465.0,298.0,334.0,372.0
Washington,Chlaydia,2021,124,208.5,59504.0,29428.0,30076.0,28104.0,28865.0,480.0,310.0,339.0,372.0
Washington,Chlaydia,2022,135,229.2,58883.0,29146.0,29737.0,27753.0,28541.0,503.0,312.0,359.0,381.0
Washington,Chlaydia,2023,126,215.1,58513.0,28990.0,29523.0,27507.0,28304.0,516.0,306.0,363.0,388.0
Washington,Chlaydia,2024,98,167.3,58332.0,28967.0,29365.0,27441.0,28124.0,516.0,307.0,395.0,399.0
Washington,Gonorrhoea,2020,44,49.5,59656.0,29525.0,30131.0,28232.0,28954.0,465.0,298.0,334.0,372.0
Washington,Gonorrhoea,2021,49,56.0,59504.0,29428.0,30076.0,28104.0,28865.0,480.0,310.0,339.0,372.0
Washington,Gonorrhoea,2022,33,73.8,58883.0,29146.0,29737.0,27753.0,28541.0,503.0,312.0,359.0,381.0
Washington,Gonorrhoea,2023,29,82.4,58513.0,28990.0,29523.0,27507.0,28304.0,516.0,306.0,363.0,388.0
Washington,Gonorrhoea,2024,18,30.7,58332.0,28967.0,29365.0,27441.0,28124.0,516.0,307.0,395.0,399.0
Washington,Syphillis,2020,5,8.4,59656.0,29525.0,30131.0,28232.0,28954.0,465.0,298.0,334.0,372.0
Washington,Syphillis,2021,13,21.9,59504.0,29428.0,30076.0,28104.0,28865.0,480.0,310.0,339.0,372.0
Washington,Syphillis,2022,21,35.7,58883.0,29146.0,29737.0,27753.0,28541.0,503.0,312.0,359.0,381.0
Washington,Syphillis,2023,14,23.9,58513.0,28990.0,29523.0,27507.0,28304.0,516.0,306.0,363.0,388.0
Washington,Syphillis,2024,14,23.9,58332.0,28967.0,29365.0,27441.0,28124.0,516.0,307.0,395.0,399.0
Wayne,Chlaydia,2020,233,201.4,116903.0,58439.0,58464.0,55521.0,55851.0,1035.0,820.0,1498.0,1251.0
Wayne,Chlaydia,2021,276,237.7,116160.0,58192.0,57968.0,55211.0,55425.0,1040.0,800.0,1540.0,1253.0
Wayne,Chlaydia,2022,241,206.8,116609.0,58367.0,58242.0,55239.0,55565.0,1091.0,865.0,1578.0,1260.0
Wayne,Chlaydia,2023,232,199.1,116635.0,58359.0,58276.0,55141.0,55609.0,1109.0,882.0,1659.0,1303.0
Wayne,Chlaydia,2024,197,169.1,116632.0,58450.0,58182.0,55088.0,55411.0,1166.0,925.0,1735.0,1341.0
Wayne,Gonorrhoea,2020,65,56.2,116903.0,58439.0,58464.0,55521.0,55851.0,1035.0,820.0,1498.0,1251.0
Wayne,Gonorrhoea,2021,51,43.9,116160.0,58192.0,57968.0,55211.0,55425.0,1040.0,800.0,1540.0,1253.0
Wayne,Gonorrhoea,2022,100,85.8,116609.0,58367.0,58242.0,55239.0,55565.0,1091.0,865.0,1578.0,1260.0
Wayne,Gonorrhoea,2023,52,44.6,116635.0,58359.0,58276.0,55141.0,55609.0,1109.0,882.0,1659.0,1303.0
Wayne,Gonorrhoea,2024,45,38.6,116632.0,58450.0,58182.0,55088.0,55411.0,1166.0,925.0,1735.0,1341.0
Wayne,Syphillis,2020,5,4.3,116903.0,58439.0,58464.0,55521.0,55851.0,1035.0,820.0,1498.0,1251.0
Wayne,Syphillis,2021,10,8.6,116160.0,58192.0,57968.0,55211.0,55425.0,1040.0,800.0,1540.0,1253.0
Wayne,Syphillis,2022,13,11.2,116609.0,58367.0,58242.0,55239.0,55565.0,1091.0,865.0,1578.0,1260.0
Wayne,Syphillis,2023,22,18.9,116635.0,58359.0,58276.0,55141.0,55609.0,1109.0,882.0,1659.0,1303.0
Wayne,Syphillis,2024,23,19.7,116632.0,58450.0,58182.0,55088.0,55411.0,1166.0,925.0,1735.0,1341.0
Williams,Chlaydia,2020,101,276.2,37084.0,18643.0,18441.0,17846.0,17906.0,370.0,154.0,982.0,881.0
Williams,Chlaydia,2021,110,299.4,36770.0,18487.0,18283.0,17664.0,17763.0,383.0,141.0,1021.0,902.0
Williams,Chlaydia,2022,99,270.1,36621.0,18360.0,18261.0,17515.0,17720.0,384.0,141.0,1061.0,955.0
Williams,Chlaydia,2023,109,297.9,36566.0,18296.0,18270.0,17428.0,17706.0,379.0,143.0,1097.0,955.0
Williams,Chlaydia,2024,76,207.7,36554.0,18285.0,18269.0,17390.0,17657.0,395.0,158.0,1095.0,963.0
Williams,Gonorrhoea,2020,19,54.7,37084.0,18643.0,18441.0,17846.0,17906.0,370.0,154.0,982.0,881.0
Williams,Gonorrhoea,2021,26,52.0,36770.0,18487.0,18283.0,17664.0,17763.0,383.0,141.0,1021.0,902.0
Williams,Gonorrhoea,2022,13,35.5,36621.0,18360.0,18261.0,17515.0,17720.0,384.0,141.0,1061.0,955.0
Williams,Gonorrhoea,2023,20,70.8,36566.0,18296.0,18270.0,17428.0,17706.0,379.0,143.0,1097.0,955.0
Williams,Gonorrhoea,2024,14,38.3,36554.0,18285.0,18269.0,17390.0,17657.0,395.0,158.0,1095.0,963.0
Williams,Syphillis,2020,1,2.7,37084.0,18643.0,18441.0,17846.0,17906.0,370.0,154.0,982.0,881.0
Williams,Syphillis,2021,2,5.4,36770.0,18487.0,18283.0,17664.0,17763.0,383.0,141.0,1021.0,902.0
Williams,Syphillis,2022,4,10.9,36621.0,18360.0,18261.0,17515.0,17720.0,384.0,141.0,1061.0,955.0
Williams,Syphillis,2023,6,16.4,36566.0,18296.0,18270.0,17428.0,17706.0,379.0,143.0,1097.0,955.0
Williams,Syphillis,2024,7,19.1,36554.0,18285.0,18269.0,17390.0,17657.0,395.0,158.0,1095.0,963.0
Wood,Chlaydia,2020,419,319.6,132267.0,65595.0,66672.0,60752.0,62046.0,1974.0,1812.0,4263.0,4018.0
Wood,Chlaydia,2021,429,329.2,130340.0,64779.0,65561.0,59966.0,61089.0,1892.0,1628.0,4280.0,4079.0
Wood,Chlaydia,2022,426,323.7,131821.0,65388.0,66433.0,60269.0,61622.0,2021.0,1794.0,4458.0,4239.0
Wood,Chlaydia,2023,392,295.5,132813.0,65821.0,66992.0,60466.0,61982.0,2130.0,1896.0,4525.0,4337.0
Wood,Chlaydia,2024,347,261.6,133077.0,66046.0,67031.0,60432.0,61849.0,2203.0,1951.0,4734.0,4450.0
Wood,Gonorrhoea,2020,75,79.9,132267.0,65595.0,66672.0,60752.0,62046.0,1974.0,1812.0,4263.0,4018.0
Wood,Gonorrhoea,2021,89,57.2,130340.0,64779.0,65561.0,59966.0,61089.0,1892.0,1628.0,4280.0,4079.0
Wood,Gonorrhoea,2022,98,68.3,131821.0,65388.0,66433.0,60269.0,61622.0,2021.0,1794.0,4458.0,4239.0
Wood,Gonorrhoea,2023,106,74.5,132813.0,65821.0,66992.0,60466.0,61982.0,2130.0,1896.0,4525.0,4337.0
Wood,Gonorrhoea,2024,57,43.0,133077.0,66046.0,67031.0,60432.0,61849.0,2203.0,1951.0,4734.0,4450.0
Wood,Syphillis,2020,7,5.3,132267.0,65595.0,66672.0,60752.0,62046.0,1974.0,1812.0,4263.0,4018.0
Wood,Syphillis,2021,13,10.0,130340.0,64779.0,65561.0,59966.0,61089.0,1892.0,1628.0,4280.0,4079.0
Wood,Syphillis,2022,12,9.1,131821.0,65388.0,66433.0,60269.0,61622.0,2021.0,1794.0,4458.0,4239.0
Wood,Syphillis,2023,12,9.0,132813.0,65821.0,66992.0,60466.0,61982.0,2130.0,1896.0,4525.0,4337.0
Wood,Syphillis,2024,16,12.1,133077.0,66046.0,67031.0,60432.0,61849.0,2203.0,1951.0,4734.0,4450.0
Wyandot,Chlaydia,2020,51,234.9,21864.0,10900.0,10964.0,10581.0,10717.0,70.0,26.0,330.0,327.0
Wyandot,Chlaydia,2021,50,230.4,21693.0,10795.0,10898.0,10467.0,10642.0,74.0,33.0,342.0,339.0
Wyandot,Chlaydia,2022,52,241.1,21574.0,10704.0,10870.0,10357.0,10597.0,78.0,34.0,348.0,326.0
Wyandot,Chlaydia,2023,39,181.8,21466.0,10622.0,10844.0,10261.0,10551.0,77.0,39.0,338.0,334.0
Wyandot,Chlaydia,2024,29,135.2,21394.0,10552.0,10842.0,10189.0,10528.0,83.0,49.0,345.0,347.0
Wyandot,Gonorrhoea,2020,13,59.9,21864.0,10900.0,10964.0,10581.0,10717.0,70.0,26.0,330.0,327.0
Wyandot,Gonorrhoea,2021,4,41.9,21693.0,10795.0,10898.0,10467.0,10642.0,74.0,33.0,342.0,339.0
Wyandot,Gonorrhoea,2022,8,18.4,21574.0,10704.0,10870.0,10357.0,10597.0,78.0,34.0,348.0,326.0
Wyandot,Gonorrhoea,2023,9,37.1,21466.0,10622.0,10844.0,10261.0,10551.0,77.0,39.0,338.0,334.0
Wyandot,Gonorrhoea,2024,7,32.6,21394.0,10552.0,10842.0,10189.0,10528.0,83.0,49.0,345.0,347.0
Wyandot,Syphillis,2020,1,4.6,21864.0,10900.0,10964.0,10581.0,10717.0,70.0,26.0,330.0,327.0
Wyandot,Syphillis,2021,0,0.0,21693.0,10795.0,10898.0,10467.0,10642.0,74.0,33.0,342.0,339.0
Wyandot,Syphillis,2022,0,0.0,21574.0,10704.0,10870.0,10357.0,10597.0,78.0,34.0,348.0,326.0
Wyandot,Syphillis,2023,3,14.0,21466.0,10622.0,10844.0,10261.0,10551.0,77.0,39.0,338.0,334.0
Wyandot,Syphillis,2024,4,18.6,21394.0,10552.0,10842.0,10189.0,10528.0,83.0,49.0,345.0,347.0
