County,STI_Disease,Year,Cases,Rate,TOT_POP,TOT_MALE,TOT_FEMALE,WA_MALE,WA_FEMALE,BA_MALE,BA_FEMALE,H_MALE,H_FEMALE
Adams,Chlaydia,2020,167,293.5,57184,27897,29287,20384,25300,3565,4961,1235,1660
Adams,Chlaydia,2021,250,438.6,57412,28008,29404,20465,25401,3579,4980,1239,1666
Adams,Chlaydia,2022,185,325.0,57641,28120,29521,20547,25502,3593,5000,1244,1673
Adams,Chlaydia,2023,226,396.0,57870,28231,29638,20628,25603,3607,5020,1249,1679
Adams,Chlaydia,2024,218,382.0,58098,28343,29755,20710,25704,3622,5040,1254,1686
Adams,Gonorrhoea,2020,83,145.5,57184,27897,29287,20384,25300,3565,4961,1235,1660
Adams,Gonorrhoea,2021,86,152.0,57412,28008,29404,20465,25401,3579,4980,1239,1666
Adams,Gonorrhoea,2022,104,182.5,57641,28120,29521,20547,25502,3593,5000,1244,1673
Adams,Gonorrhoea,2023,98,171.9,57870,28231,29638,20628,25603,3607,5020,1249,1679
Adams,Gonorrhoea,2024,113,198.2,58098,28343,29755,20710,25704,3622,5040,1254,1686
Adams,Syphillis,2020,8,15.1,57184,27897,29287,20384,25300,3565,4961,1235,1660
Adams,Syphillis,2021,6,11.9,57412,28008,29404,20465,25401,3579,4980,1239,1666
Adams,Syphillis,2022,11,20.8,57641,28120,29521,20547,25502,3593,5000,1244,1673
Adams,Syphillis,2023,13,23.3,57870,28231,29638,20628,25603,3607,5020,1249,1679
Adams,Syphillis,2024,7,13.9,58098,28343,29755,20710,25704,3622,5040,1254,1686
Allen,Chlaydia,2020,186,539.6,34556,17191,17365,15216,14094,1027,1645,394,1498
Allen,Chlaydia,2021,136,396.2,34694,17259,17434,15276,14150,1031,1651,395,1503
Allen,Chlaydia,2022,228,661.2,34832,17328,17503,15337,14206,1035,1658,397,1509
Allen,Chlaydia,2023,167,484.7,34970,17397,17573,15398,14263,1039,1664,398,1515
Allen,Chlaydia,2024,177,512.3,35108,17466,17642,15459,14319,1043,1671,400,1521
Allen,Gonorrhoea,2020,79,229.7,34556,17191,17365,15216,14094,1027,1645,394,1498
Allen,Gonorrhoea,2021,93,270.7,34694,17259,17434,15276,14150,1031,1651,395,1503
Allen,Gonorrhoea,2022,55,162.0,34832,17328,17503,15337,14206,1035,1658,397,1509
Allen,Gonorrhoea,2023,96,278.2,34970,17397,17573,15398,14263,1039,1664,398,1515
Allen,Gonorrhoea,2024,66,192.6,35108,17466,17642,15459,14319,1043,1671,400,1521
Allen,Syphillis,2020,10,29.9,34556,17191,17365,15216,14094,1027,1645,394,1498
Allen,Syphillis,2021,9,28.4,34694,17259,17434,15276,14150,1031,1651,395,1503
Allen,Syphillis,2022,9,28.0,34832,17328,17503,15337,14206,1035,1658,397,1509
Allen,Syphillis,2023,9,26.2,34970,17397,17573,15398,14263,1039,1664,398,1515
Allen,Syphillis,2024,10,29.4,35108,17466,17642,15459,14319,1043,1671,400,1521
Ashland,Chlaydia,2020,339,339.0,100097,49450,50647,37311,36166,1197,6623,2822,535
Ashland,Chlaydia,2021,400,400.1,100497,49647,50849,37460,36310,1201,6649,2833,537
Ashland,Chlaydia,2022,410,409.9,100897,49845,51052,37609,36455,1206,6675,2844,539
Ashland,Chlaydia,2023,488,487.9,101298,50043,51254,37758,36599,1211,6702,2855,541
Ashland,Chlaydia,2024,642,642.0,101698,50241,51457,37907,36744,1216,6728,2867,543
Ashland,Gonorrhoea,2020,153,153.3,100097,49450,50647,37311,36166,1197,6623,2822,535
Ashland,Gonorrhoea,2021,173,173.3,100497,49647,50849,37460,36310,1201,6649,2833,537
Ashland,Gonorrhoea,2022,190,190.0,100897,49845,51052,37609,36455,1206,6675,2844,539
Ashland,Gonorrhoea,2023,172,172.5,101298,50043,51254,37758,36599,1211,6702,2855,541
Ashland,Gonorrhoea,2024,158,158.1,101698,50241,51457,37907,36744,1216,6728,2867,543
Ashland,Syphillis,2020,22,22.8,100097,49450,50647,37311,36166,1197,6623,2822,535
Ashland,Syphillis,2021,23,23.3,100497,49647,50849,37460,36310,1201,6649,2833,537
Ashland,Syphillis,2022,17,17.4,100897,49845,51052,37609,36455,1206,6675,2844,539
Ashland,Syphillis,2023,20,20.6,101298,50043,51254,37758,36599,1211,6702,2855,541
Ashland,Syphillis,2024,15,15.8,101698,50241,51457,37907,36744,1216,6728,2867,543
Ashtabula,Chlaydia,2020,291,315.8,92196,45568,46628,40664,33412,8275,8914,812,2898
Ashtabula,Chlaydia,2021,336,365.0,92564,45750,46814,40826,33545,8308,8949,815,2909
Ashtabula,Chlaydia,2022,385,418.5,92933,45932,47001,40989,33679,8341,8985,818,2921
Ashtabula,Chlaydia,2023,546,593.0,93302,46114,47187,41151,33812,8374,9020,821,2932
Ashtabula,Chlaydia,2024,253,275.2,93671,46297,47374,41314,33946,8407,9056,824,2944
Ashtabula,Gonorrhoea,2020,191,207.7,92196,45568,46628,40664,33412,8275,8914,812,2898
Ashtabula,Gonorrhoea,2021,138,149.9,92564,45750,46814,40826,33545,8308,8949,815,2909
Ashtabula,Gonorrhoea,2022,184,200.5,92933,45932,47001,40989,33679,8341,8985,818,2921
Ashtabula,Gonorrhoea,2023,187,203.5,93302,46114,47187,41151,33812,8374,9020,821,2932
Ashtabula,Gonorrhoea,2024,130,142.0,93671,46297,47374,41314,33946,8407,9056,824,2944
Ashtabula,Syphillis,2020,12,14.1,92196,45568,46628,40664,33412,8275,8914,812,2898
Ashtabula,Syphillis,2021,13,14.6,92564,45750,46814,40826,33545,8308,8949,815,2909
Ashtabula,Syphillis,2022,12,13.9,92933,45932,47001,40989,33679,8341,8985,818,2921
Ashtabula,Syphillis,2023,22,24.9,93302,46114,47187,41151,33812,8374,9020,821,2932
Ashtabula,Syphillis,2024,13,15.1,93671,46297,47374,41314,33946,8407,9056,824,2944
Athens,Chlaydia,2020,265,307.4,86513,42837,43676,38009,31231,1438,8401,1812,3726
Athens,Chlaydia,2021,393,454.3,86859,43008,43850,38161,31355,1443,8434,1819,3740
Athens,Chlaydia,2022,340,393.7,87205,43179,44025,38313,31480,1449,8468,1826,3755
Athens,Chlaydia,2023,396,458.8,87551,43351,44200,38465,31605,1455,8501,1833,3770
Athens,Chlaydia,2024,313,362.5,87897,43522,44374,38617,31730,1461,8535,1840,3785
Athens,Gonorrhoea,2020,158,182.8,86513,42837,43676,38009,31231,1438,8401,1812,3726
Athens,Gonorrhoea,2021,184,213.8,86859,43008,43850,38161,31355,1443,8434,1819,3740
Athens,Gonorrhoea,2022,113,131.5,87205,43179,44025,38313,31480,1449,8468,1826,3755
Athens,Gonorrhoea,2023,162,188.0,87551,43351,44200,38465,31605,1455,8501,1833,3770
Athens,Gonorrhoea,2024,136,157.5,87897,43522,44374,38617,31730,1461,8535,1840,3785
Athens,Syphillis,2020,13,15.2,86513,42837,43676,38009,31231,1438,8401,1812,3726
Athens,Syphillis,2021,12,14.5,86859,43008,43850,38161,31355,1443,8434,1819,3740
Athens,Syphillis,2022,14,16.7,87205,43179,44025,38313,31480,1449,8468,1826,3755
Athens,Syphillis,2023,17,20.5,87551,43351,44200,38465,31605,1455,8501,1833,3770
Athens,Syphillis,2024,21,24.8,87897,43522,44374,38617,31730,1461,8535,1840,3785
Auglaize,Chlaydia,2020,259,402.6,64579,32363,32216,26420,27284,4236,6647,591,2585
Auglaize,Chlaydia,2021,194,300.6,64837,32492,32344,26525,27393,4252,6673,593,2595
Auglaize,Chlaydia,2022,201,311.3,65095,32621,32473,26631,27502,4269,6700,595,2605
Auglaize,Chlaydia,2023,301,466.6,65353,32751,32602,26737,27611,4286,6726,598,2616
Auglaize,Chlaydia,2024,205,317.5,65612,32880,32731,26842,27720,4303,6753,600,2626
Auglaize,Gonorrhoea,2020,65,101.6,64579,32363,32216,26420,27284,4236,6647,591,2585
Auglaize,Gonorrhoea,2021,110,171.1,64837,32492,32344,26525,27393,4252,6673,593,2595
Auglaize,Gonorrhoea,2022,76,118.7,65095,32621,32473,26631,27502,4269,6700,595,2605
Auglaize,Gonorrhoea,2023,109,169.4,65353,32751,32602,26737,27611,4286,6726,598,2616
Auglaize,Gonorrhoea,2024,81,126.0,65612,32880,32731,26842,27720,4303,6753,600,2626
Auglaize,Syphillis,2020,10,16.7,64579,32363,32216,26420,27284,4236,6647,591,2585
Auglaize,Syphillis,2021,12,20.0,64837,32492,32344,26525,27393,4252,6673,593,2595
Auglaize,Syphillis,2022,8,13.5,65095,32621,32473,26631,27502,4269,6700,595,2605
Auglaize,Syphillis,2023,8,13.7,65353,32751,32602,26737,27611,4286,6726,598,2616
Auglaize,Syphillis,2024,10,16.6,65612,32880,32731,26842,27720,4303,6753,600,2626
Belmont,Chlaydia,2020,254,464.2,54868,26656,28212,20797,25539,5716,789,1029,1821
Belmont,Chlaydia,2021,331,603.5,55087,26762,28324,20880,25641,5738,792,1033,1828
Belmont,Chlaydia,2022,331,604.7,55306,26869,28437,20963,25743,5761,795,1037,1835
Belmont,Chlaydia,2023,190,348.0,55526,26975,28550,21046,25845,5784,798,1041,1842
Belmont,Chlaydia,2024,231,421.9,55745,27082,28663,21129,25947,5807,801,1045,1850
Belmont,Gonorrhoea,2020,78,143.2,54868,26656,28212,20797,25539,5716,789,1029,1821
Belmont,Gonorrhoea,2021,119,218.4,55087,26762,28324,20880,25641,5738,792,1033,1828
Belmont,Gonorrhoea,2022,108,198.2,55306,26869,28437,20963,25743,5761,795,1037,1835
Belmont,Gonorrhoea,2023,91,166.9,55526,26975,28550,21046,25845,5784,798,1041,1842
Belmont,Gonorrhoea,2024,102,186.3,55745,27082,28663,21129,25947,5807,801,1045,1850
Belmont,Syphillis,2020,8,14.9,54868,26656,28212,20797,25539,5716,789,1029,1821
Belmont,Syphillis,2021,9,17.0,55087,26762,28324,20880,25641,5738,792,1033,1828
Belmont,Syphillis,2022,11,20.7,55306,26869,28437,20963,25743,5761,795,1037,1835
Belmont,Syphillis,2023,15,28.4,55526,26975,28550,21046,25845,5784,798,1041,1842
Belmont,Syphillis,2024,11,21.6,55745,27082,28663,21129,25947,5807,801,1045,1850
Brown,Chlaydia,2020,600,351.5,170964,84280,86684,64161,62002,14720,7821,4277,5579
Brown,Chlaydia,2021,753,440.8,171647,84617,87030,64417,62250,14778,7852,4294,5601
Brown,Chlaydia,2022,1129,660.9,172331,84954,87377,64674,62498,14837,7883,4311,5623
Brown,Chlaydia,2023,816,477.6,173015,85291,87724,64930,62746,14896,7914,4328,5645
Brown,Chlaydia,2024,986,577.3,173699,85628,88070,65187,62994,14955,7946,4345,5668
Brown,Gonorrhoea,2020,428,250.6,170964,84280,86684,64161,62002,14720,7821,4277,5579
Brown,Gonorrhoea,2021,403,236.0,171647,84617,87030,64417,62250,14778,7852,4294,5601
Brown,Gonorrhoea,2022,234,137.4,172331,84954,87377,64674,62498,14837,7883,4311,5623
Brown,Gonorrhoea,2023,345,201.9,173015,85291,87724,64930,62746,14896,7914,4328,5645
Brown,Gonorrhoea,2024,432,252.7,173699,85628,88070,65187,62994,14955,7946,4345,5668
Brown,Syphillis,2020,43,25.7,170964,84280,86684,64161,62002,14720,7821,4277,5579
Brown,Syphillis,2021,36,21.3,171647,84617,87030,64417,62250,14778,7852,4294,5601
Brown,Syphillis,2022,53,31.3,172331,84954,87377,64674,62498,14837,7883,4311,5623
Brown,Syphillis,2023,45,26.6,173015,85291,87724,64930,62746,14896,7914,4328,5645
Brown,Syphillis,2024,44,25.8,173699,85628,88070,65187,62994,14955,7946,4345,5668
Butler,Chlaydia,2020,2688,689.3,390000,193105,196895,163505,151955,30788,25770,4894,12442
Butler,Chlaydia,2021,2402,615.9,391560,193877,197682,164159,152562,30911,25873,4913,12491
Butler,Chlaydia,2022,2845,729.6,393120,194649,198470,164813,153170,31034,25976,4933,12541
Butler,Chlaydia,2023,1917,491.7,394680,195422,199257,165467,153778,31157,26079,4952,12591
Butler,Chlaydia,2024,2895,742.4,396240,196194,200045,166121,154386,31280,26182,4972,12641
Butler,Gonorrhoea,2020,893,229.2,390000,193105,196895,163505,151955,30788,25770,4894,12442
Butler,Gonorrhoea,2021,961,246.5,391560,193877,197682,164159,152562,30911,25873,4913,12491
Butler,Gonorrhoea,2022,1279,328.1,393120,194649,198470,164813,153170,31034,25976,4933,12541
Butler,Gonorrhoea,2023,1124,288.4,394680,195422,199257,165467,153778,31157,26079,4952,12591
Butler,Gonorrhoea,2024,999,256.2,396240,196194,200045,166121,154386,31280,26182,4972,12641
Butler,Syphillis,2020,81,20.8,390000,193105,196895,163505,151955,30788,25770,4894,12442
Butler,Syphillis,2021,95,24.4,391560,193877,197682,164159,152562,30911,25873,4913,12491
Butler,Syphillis,2022,126,32.4,393120,194649,198470,164813,153170,31034,25976,4933,12541
Butler,Syphillis,2023,74,19.0,394680,195422,199257,165467,153778,31157,26079,4952,12591
Butler,Syphillis,2024,141,36.2,396240,196194,200045,166121,154386,31280,26182,4972,12641
Carroll,Chlaydia,2020,553,399.6,138604,69353,69251,55495,61976,9371,11334,2823,2906
Carroll,Chlaydia,2021,578,417.1,139158,69630,69528,55716,62223,9408,11379,2834,2917
Carroll,Chlaydia,2022,402,290.4,139712,69907,69805,55938,62471,9445,11424,2845,2929
Carroll,Chlaydia,2023,564,407.4,140267,70185,70082,56160,62719,9483,11470,2856,2940
Carroll,Chlaydia,2024,485,350.4,140821,70462,70359,56382,62967,9520,11515,2868,2952
Carroll,Gonorrhoea,2020,137,98.9,138604,69353,69251,55495,61976,9371,11334,2823,2906
Carroll,Gonorrhoea,2021,170,123.0,139158,69630,69528,55716,62223,9408,11379,2834,2917
Carroll,Gonorrhoea,2022,190,137.3,139712,69907,69805,55938,62471,9445,11424,2845,2929
Carroll,Gonorrhoea,2023,203,147.0,140267,70185,70082,56160,62719,9483,11470,2856,2940
Carroll,Gonorrhoea,2024,219,158.2,140821,70462,70359,56382,62967,9520,11515,2868,2952
Carroll,Syphillis,2020,19,14.2,138604,69353,69251,55495,61976,9371,11334,2823,2906
Carroll,Syphillis,2021,20,15.1,139158,69630,69528,55716,62223,9408,11379,2834,2917
Carroll,Syphillis,2022,24,17.5,139712,69907,69805,55938,62471,9445,11424,2845,2929
Carroll,Syphillis,2023,24,17.6,140267,70185,70082,56160,62719,9483,11470,2856,2940
Carroll,Syphillis,2024,21,15.2,140821,70462,70359,56382,62967,9520,11515,2868,2952
Champaign,Chlaydia,2020,144,397.1,36331,18185,18146,14668,13657,1963,2952,522,669
Champaign,Chlaydia,2021,145,399.5,36476,18257,18218,14726,13711,1970,2963,524,671
Champaign,Chlaydia,2022,169,466.4,36621,18330,18291,14785,13766,1978,2975,526,674
Champaign,Chlaydia,2023,178,491.7,36766,18403,18363,14844,13820,1986,2987,528,677
Champaign,Chlaydia,2024,197,543.8,36912,18475,18436,14902,13875,1994,2999,530,679
Champaign,Gonorrhoea,2020,83,231.0,36331,18185,18146,14668,13657,1963,2952,522,669
Champaign,Gonorrhoea,2021,54,149.3,36476,18257,18218,14726,13711,1970,2963,524,671
Champaign,Gonorrhoea,2022,82,228.3,36621,18330,18291,14785,13766,1978,2975,526,674
Champaign,Gonorrhoea,2023,94,261.4,36766,18403,18363,14844,13820,1986,2987,528,677
Champaign,Gonorrhoea,2024,66,183.4,36912,18475,18436,14902,13875,1994,2999,530,679
Champaign,Syphillis,2020,10,27.7,36331,18185,18146,14668,13657,1963,2952,522,669
Champaign,Syphillis,2021,9,26.7,36476,18257,18218,14726,13711,1970,2963,524,671
Champaign,Syphillis,2022,11,30.9,36621,18330,18291,14785,13766,1978,2975,526,674
Champaign,Syphillis,2023,7,20.7,36766,18403,18363,14844,13820,1986,2987,528,677
Champaign,Syphillis,2024,8,22.7,36912,18475,18436,14902,13875,1994,2999,530,679
Clark,Chlaydia,2020,198,555.1,35811,17847,17964,15626,15436,3357,3663,1578,947
Clark,Chlaydia,2021,169,473.1,35954,17918,18035,15688,15497,3370,3677,1584,950
Clark,Chlaydia,2022,160,448.4,36097,17989,18107,15751,15559,3383,3692,1590,954
Clark,Chlaydia,2023,159,444.3,36240,18061,18179,15813,15621,3397,3706,1596,958
Clark,Chlaydia,2024,170,476.3,36383,18132,18251,15876,15682,3410,3721,1603,962
Clark,Gonorrhoea,2020,62,173.5,35811,17847,17964,15626,15436,3357,3663,1578,947
Clark,Gonorrhoea,2021,72,201.3,35954,17918,18035,15688,15497,3370,3677,1584,950
Clark,Gonorrhoea,2022,76,214.3,36097,17989,18107,15751,15559,3383,3692,1590,954
Clark,Gonorrhoea,2023,58,162.8,36240,18061,18179,15813,15621,3397,3706,1596,958
Clark,Gonorrhoea,2024,73,204.2,36383,18132,18251,15876,15682,3410,3721,1603,962
Clark,Syphillis,2020,10,29.5,35811,17847,17964,15626,15436,3357,3663,1578,947
Clark,Syphillis,2021,5,16.2,35954,17918,18035,15688,15497,3370,3677,1584,950
Clark,Syphillis,2022,9,27.5,36097,17989,18107,15751,15559,3383,3692,1590,954
Clark,Syphillis,2023,7,21.1,36240,18061,18179,15813,15621,3397,3706,1596,958
Clark,Syphillis,2024,6,18.7,36383,18132,18251,15876,15682,3410,3721,1603,962
Clermont,Chlaydia,2020,221,420.9,52561,26488,26073,21251,19720,2484,3680,2307,1759
Clermont,Chlaydia,2021,320,610.0,52771,26593,26177,21336,19798,2493,3694,2316,1766
Clermont,Chlaydia,2022,324,616.7,52981,26699,26281,21421,19877,2503,3709,2325,1773
Clermont,Chlaydia,2023,319,607.2,53191,26805,26385,21506,19956,2513,3724,2334,1780
Clermont,Chlaydia,2024,250,476.6,53401,26911,26490,21591,20035,2523,3738,2343,1787
Clermont,Gonorrhoea,2020,83,158.9,52561,26488,26073,21251,19720,2484,3680,2307,1759
Clermont,Gonorrhoea,2021,89,170.9,52771,26593,26177,21336,19798,2493,3694,2316,1766
Clermont,Gonorrhoea,2022,124,236.4,52981,26699,26281,21421,19877,2503,3709,2325,1773
Clermont,Gonorrhoea,2023,115,219.7,53191,26805,26385,21506,19956,2513,3724,2334,1780
Clermont,Gonorrhoea,2024,90,171.4,53401,26911,26490,21591,20035,2523,3738,2343,1787
Clermont,Syphillis,2020,8,16.1,52561,26488,26073,21251,19720,2484,3680,2307,1759
Clermont,Syphillis,2021,8,15.8,52771,26593,26177,21336,19798,2493,3694,2316,1766
Clermont,Syphillis,2022,11,22.0,52981,26699,26281,21421,19877,2503,3709,2325,1773
Clermont,Syphillis,2023,10,20.5,53191,26805,26385,21506,19956,2513,3724,2334,1780
Clermont,Syphillis,2024,13,25.5,53401,26911,26490,21591,20035,2523,3738,2343,1787
Clinton,Chlaydia,2020,359,421.7,85314,41638,43676,30760,35586,6249,6253,3479,3143
Clinton,Chlaydia,2021,288,338.2,85655,41804,43850,30883,35728,6273,6278,3492,3155
Clinton,Chlaydia,2022,327,384.1,85996,41971,44025,31006,35870,6298,6303,3506,3168
Clinton,Chlaydia,2023,404,474.2,86337,42137,44200,31129,36013,6323,6328,3520,3180
Clinton,Chlaydia,2024,407,477.3,86679,42304,44374,31252,36155,6348,6353,3534,3193
Clinton,Gonorrhoea,2020,134,157.6,85314,41638,43676,30760,35586,6249,6253,3479,3143
Clinton,Gonorrhoea,2021,133,156.9,85655,41804,43850,30883,35728,6273,6278,3492,3155
Clinton,Gonorrhoea,2022,115,135.8,85996,41971,44025,31006,35870,6298,6303,3506,3168
Clinton,Gonorrhoea,2023,140,164.9,86337,42137,44200,31129,36013,6323,6328,3520,3180
Clinton,Gonorrhoea,2024,166,195.6,86679,42304,44374,31252,36155,6348,6353,3534,3193
Clinton,Syphillis,2020,12,14.9,85314,41638,43676,30760,35586,6249,6253,3479,3143
Clinton,Syphillis,2021,14,17.1,85655,41804,43850,30883,35728,6273,6278,3492,3155
Clinton,Syphillis,2022,13,16.1,85996,41971,44025,31006,35870,6298,6303,3506,3168
Clinton,Syphillis,2023,18,21.4,86337,42137,44200,31129,36013,6323,6328,3520,3180
Clinton,Syphillis,2024,11,13.5,86679,42304,44374,31252,36155,6348,6353,3534,3193
Columbiana,Chlaydia,2020,427,480.3,88990,43683,45307,34464,34140,6674,4249,2371,1699
Columbiana,Chlaydia,2021,419,471.1,89345,43857,45488,34601,34276,6700,4265,2380,1705
Columbiana,Chlaydia,2022,521,586.1,89701,44032,45669,34739,34413,6727,4282,2389,1712
Columbiana,Chlaydia,2023,534,601.1,90057,44207,45850,34877,34549,6754,4299,2399,1719
Columbiana,Chlaydia,2024,638,717.9,90413,44381,46031,35015,34686,6780,4316,2408,1726
Columbiana,Gonorrhoea,2020,212,238.6,88990,43683,45307,34464,34140,6674,4249,2371,1699
Columbiana,Gonorrhoea,2021,194,218.8,89345,43857,45488,34601,34276,6700,4265,2380,1705
Columbiana,Gonorrhoea,2022,211,237.8,89701,44032,45669,34739,34413,6727,4282,2389,1712
Columbiana,Gonorrhoea,2023,261,294.1,90057,44207,45850,34877,34549,6754,4299,2399,1719
Columbiana,Gonorrhoea,2024,167,188.7,90413,44381,46031,35015,34686,6780,4316,2408,1726
Columbiana,Syphillis,2020,24,27.2,88990,43683,45307,34464,34140,6674,4249,2371,1699
Columbiana,Syphillis,2021,15,17.2,89345,43857,45488,34601,34276,6700,4265,2380,1705
Columbiana,Syphillis,2022,17,20.1,89701,44032,45669,34739,34413,6727,4282,2389,1712
Columbiana,Syphillis,2023,27,30.5,90057,44207,45850,34877,34549,6754,4299,2399,1719
Columbiana,Syphillis,2024,18,21.2,90413,44381,46031,35015,34686,6780,4316,2408,1726
Coshocton,Chlaydia,2020,503,313.8,160475,77869,82606,59379,66524,6863,17603,2351,6520
Coshocton,Chlaydia,2021,575,358.4,161116,78180,82936,59616,66790,6890,17673,2360,6546
Coshocton,Chlaydia,2022,580,362.0,161758,78491,83266,59854,67056,6917,17743,2369,6572
Coshocton,Chlaydia,2023,443,276.3,162400,78803,83597,60091,67322,6945,17814,2379,6598
Coshocton,Chlaydia,2024,507,316.4,163042,79114,83927,60329,67588,6972,17884,2388,6624
Coshocton,Gonorrhoea,2020,211,132.0,160475,77869,82606,59379,66524,6863,17603,2351,6520
Coshocton,Gonorrhoea,2021,239,149.2,161116,78180,82936,59616,66790,6890,17673,2360,6546
Coshocton,Gonorrhoea,2022,251,156.8,161758,78491,83266,59854,67056,6917,17743,2369,6572
Coshocton,Gonorrhoea,2023,208,130.2,162400,78803,83597,60091,67322,6945,17814,2379,6598
Coshocton,Gonorrhoea,2024,215,134.4,163042,79114,83927,60329,67588,6972,17884,2388,6624
Coshocton,Syphillis,2020,29,18.4,160475,77869,82606,59379,66524,6863,17603,2351,6520
Coshocton,Syphillis,2021,26,16.4,161116,78180,82936,59616,66790,6890,17673,2360,6546
Coshocton,Syphillis,2022,21,13.1,161758,78491,83266,59854,67056,6917,17743,2369,6572
Coshocton,Syphillis,2023,18,11.4,162400,78803,83597,60091,67322,6945,17814,2379,6598
Coshocton,Syphillis,2024,19,12.4,163042,79114,83927,60329,67588,6972,17884,2388,6624
Crawford,Chlaydia,2020,91,262.0,34956,17239,17717,14681,14233,457,1375,562,1395
Crawford,Chlaydia,2021,117,334.8,35095,17307,17787,14739,14289,458,1380,564,1400
Crawford,Chlaydia,2022,94,270.9,35235,17376,17858,14798,14346,460,1386,566,1406
Crawford,Chlaydia,2023,83,239.7,35375,17445,17929,14857,14403,462,1391,568,1411
Crawford,Chlaydia,2024,85,244.8,35515,17514,18000,14915,14460,464,1397,570,1417
Crawford,Gonorrhoea,2020,31,88.9,34956,17239,17717,14681,14233,457,1375,562,1395
Crawford,Gonorrhoea,2021,46,132.9,35095,17307,17787,14739,14289,458,1380,564,1400
Crawford,Gonorrhoea,2022,57,164.6,35235,17376,17858,14798,14346,460,1386,566,1406
Crawford,Gonorrhoea,2023,42,121.9,35375,17445,17929,14857,14403,462,1391,568,1411
Crawford,Gonorrhoea,2024,39,112.5,35515,17514,18000,14915,14460,464,1397,570,1417
Crawford,Syphillis,2020,4,14.3,34956,17239,17717,14681,14233,457,1375,562,1395
Crawford,Syphillis,2021,5,14.9,35095,17307,17787,14739,14289,458,1380,564,1400
Crawford,Syphillis,2022,6,17.5,35235,17376,17858,14798,14346,460,1386,566,1406
Crawford,Syphillis,2023,3,10.7,35375,17445,17929,14857,14403,462,1391,568,1411
Crawford,Syphillis,2024,5,14.9,35515,17514,18000,14915,14460,464,1397,570,1417
Cuyahoga,Chlaydia,2020,7463,606.8,1230000,617718,612282,512191,431391,106835,112833,34653,43501
Cuyahoga,Chlaydia,2021,6459,525.2,1234920,620188,614731,514239,433116,107262,113284,34791,43675
Cuyahoga,Chlaydia,2022,7943,645.8,1239840,622659,617180,516288,434842,107689,113735,34930,43849
Cuyahoga,Chlaydia,2023,10685,868.7,1244760,625130,619629,518337,436567,108117,114186,35068,44023
Cuyahoga,Chlaydia,2024,7317,594.9,1249680,627601,622078,520386,438293,108544,114638,35207,44197
Cuyahoga,Gonorrhoea,2020,2228,181.2,1230000,617718,612282,512191,431391,106835,112833,34653,43501
Cuyahoga,Gonorrhoea,2021,2723,221.4,1234920,620188,614731,514239,433116,107262,113284,34791,43675
Cuyahoga,Gonorrhoea,2022,3300,268.3,1239840,622659,617180,516288,434842,107689,113735,34930,43849
Cuyahoga,Gonorrhoea,2023,3439,279.6,1244760,625130,619629,518337,436567,108117,114186,35068,44023
Cuyahoga,Gonorrhoea,2024,1964,159.7,1249680,627601,622078,520386,438293,108544,114638,35207,44197
Cuyahoga,Syphillis,2020,260,21.2,1230000,617718,612282,512191,431391,106835,112833,34653,43501
Cuyahoga,Syphillis,2021,428,34.8,1234920,620188,614731,514239,433116,107262,113284,34791,43675
Cuyahoga,Syphillis,2022,258,21.0,1239840,622659,617180,516288,434842,107689,113735,34930,43849
Cuyahoga,Syphillis,2023,378,30.8,1244760,625130,619629,518337,436567,108117,114186,35068,44023
Cuyahoga,Syphillis,2024,307,25.0,1249680,627601,622078,520386,438293,108544,114638,35207,44197
Darke,Chlaydia,2020,611,358.2,170853,84991,85862,68814,68453,2577,6303,1740,2837
Darke,Chlaydia,2021,1033,604.8,171536,85330,86205,69089,68726,2587,6328,1746,2848
Darke,Chlaydia,2022,807,472.7,172219,85670,86548,69364,69000,2597,6353,1753,2859
Darke,Chlaydia,2023,736,431.1,172903,86010,86892,69639,69274,2607,6378,1760,2871
Darke,Chlaydia,2024,987,578.2,173586,86350,87235,69915,69548,2618,6403,1767,2882
Darke,Gonorrhoea,2020,428,250.7,170853,84991,85862,68814,68453,2577,6303,1740,2837
Darke,Gonorrhoea,2021,275,161.1,171536,85330,86205,69089,68726,2587,6328,1746,2848
Darke,Gonorrhoea,2022,327,191.7,172219,85670,86548,69364,69000,2597,6353,1753,2859
Darke,Gonorrhoea,2023,352,206.5,172903,86010,86892,69639,69274,2607,6378,1760,2871
Darke,Gonorrhoea,2024,349,204.8,173586,86350,87235,69915,69548,2618,6403,1767,2882
Darke,Syphillis,2020,30,18.0,170853,84991,85862,68814,68453,2577,6303,1740,2837
Darke,Syphillis,2021,40,23.9,171536,85330,86205,69089,68726,2587,6328,1746,2848
Darke,Syphillis,2022,32,19.2,172219,85670,86548,69364,69000,2597,6353,1753,2859
Darke,Syphillis,2023,42,24.7,172903,86010,86892,69639,69274,2607,6378,1760,2871
Darke,Syphillis,2024,42,24.6,173586,86350,87235,69915,69548,2618,6403,1767,2882
Defiance,Chlaydia,2020,677,491.0,137974,69091,68883,52424,48256,11414,12915,3896,4325
Defiance,Chlaydia,2021,791,573.8,138525,69367,69158,52633,48449,11459,12966,3911,4342
Defiance,Chlaydia,2022,868,629.3,139077,69643,69434,52843,48642,11505,13018,3927,4359
Defiance,Chlaydia,2023,1008,731.1,139629,69920,69709,53053,48835,11550,13069,3942,4376
Defiance,Chlaydia,2024,614,445.2,140181,70196,69985,53262,49028,11596,13121,3958,4394
Defiance,Gonorrhoea,2020,256,185.7,137974,69091,68883,52424,48256,11414,12915,3896,4325
Defiance,Gonorrhoea,2021,266,192.8,138525,69367,69158,52633,48449,11459,12966,3911,4342
Defiance,Gonorrhoea,2022,277,201.2,139077,69643,69434,52843,48642,11505,13018,3927,4359
Defiance,Gonorrhoea,2023,374,271.4,139629,69920,69709,53053,48835,11550,13069,3942,4376
Defiance,Gonorrhoea,2024,238,173.1,140181,70196,69985,53262,49028,11596,13121,3958,4394
Defiance,Syphillis,2020,24,17.6,137974,69091,68883,52424,48256,11414,12915,3896,4325
Defiance,Syphillis,2021,29,21.6,138525,69367,69158,52633,48449,11459,12966,3911,4342
Defiance,Syphillis,2022,36,26.3,139077,69643,69434,52843,48642,11505,13018,3927,4359
Defiance,Syphillis,2023,36,26.5,139629,69920,69709,53053,48835,11550,13069,3942,4376
Defiance,Syphillis,2024,21,15.8,140181,70196,69985,53262,49028,11596,13121,3958,4394
Delaware,Chlaydia,2020,291,339.4,85787,43100,42687,39367,30583,7598,3116,2579,1784
Delaware,Chlaydia,2021,341,398.1,86130,43272,42857,39524,30705,7628,3128,2589,1791
Delaware,Chlaydia,2022,342,398.7,86473,43444,43028,39681,30827,7658,3140,2599,1798
Delaware,Chlaydia,2023,281,328.0,86816,43617,43199,39839,30949,7689,3153,2609,1805
Delaware,Chlaydia,2024,244,284.8,87159,43789,43369,39996,31072,7719,3165,2620,1812
Delaware,Gonorrhoea,2020,91,106.1,85787,43100,42687,39367,30583,7598,3116,2579,1784
Delaware,Gonorrhoea,2021,77,90.9,86130,43272,42857,39524,30705,7628,3128,2589,1791
Delaware,Gonorrhoea,2022,134,157.0,86473,43444,43028,39681,30827,7658,3140,2599,1798
Delaware,Gonorrhoea,2023,87,101.7,86816,43617,43199,39839,30949,7689,3153,2609,1805
Delaware,Gonorrhoea,2024,86,100.6,87159,43789,43369,39996,31072,7719,3165,2620,1812
Delaware,Syphillis,2020,10,12.6,85787,43100,42687,39367,30583,7598,3116,2579,1784
Delaware,Syphillis,2021,10,12.6,86130,43272,42857,39524,30705,7628,3128,2589,1791
Delaware,Syphillis,2022,10,12.1,86473,43444,43028,39681,30827,7658,3140,2599,1798
Delaware,Syphillis,2023,13,16.0,86816,43617,43199,39839,30949,7689,3153,2609,1805
Delaware,Syphillis,2024,9,10.7,87159,43789,43369,39996,31072,7719,3165,2620,1812
Erie,Chlaydia,2020,719,493.6,145757,72468,73289,56826,62316,8662,10013,2070,4473
Erie,Chlaydia,2021,512,351.7,146340,72757,73582,57053,62565,8696,10053,2078,4490
Erie,Chlaydia,2022,448,307.8,146923,73047,73875,57280,62814,8731,10093,2086,4508
Erie,Chlaydia,2023,874,599.9,147506,73337,74168,57507,63063,8765,10133,2094,4526
Erie,Chlaydia,2024,732,502.5,148089,73627,74461,57735,63313,8800,10173,2103,4544
Erie,Gonorrhoea,2020,223,153.6,145757,72468,73289,56826,62316,8662,10013,2070,4473
Erie,Gonorrhoea,2021,297,204.3,146340,72757,73582,57053,62565,8696,10053,2078,4490
Erie,Gonorrhoea,2022,191,131.7,146923,73047,73875,57280,62814,8731,10093,2086,4508
Erie,Gonorrhoea,2023,213,146.2,147506,73337,74168,57507,63063,8765,10133,2094,4526
Erie,Gonorrhoea,2024,253,174.1,148089,73627,74461,57735,63313,8800,10173,2103,4544
Erie,Syphillis,2020,31,21.9,145757,72468,73289,56826,62316,8662,10013,2070,4473
Erie,Syphillis,2021,18,12.9,146340,72757,73582,57053,62565,8696,10053,2078,4490
Erie,Syphillis,2022,33,23.3,146923,73047,73875,57280,62814,8731,10093,2086,4508
Erie,Syphillis,2023,38,26.7,147506,73337,74168,57507,63063,8765,10133,2094,4526
Erie,Syphillis,2024,36,25.1,148089,73627,74461,57735,63313,8800,10173,2103,4544
Fairfield,Chlaydia,2020,525,520.3,100926,50771,50155,44204,37647,9158,3199,1279,1507
Fairfield,Chlaydia,2021,352,349.6,101329,50974,50355,44380,37797,9194,3211,1284,1513
Fairfield,Chlaydia,2022,360,357.6,101733,51177,50556,44557,37948,9231,3224,1289,1519
Fairfield,Chlaydia,2023,383,379.5,102137,51380,50756,44734,38098,9267,3237,1294,1525
Fairfield,Chlaydia,2024,373,369.7,102540,51583,50957,44911,38249,9304,3250,1299,1531
Fairfield,Gonorrhoea,2020,168,166.5,100926,50771,50155,44204,37647,9158,3199,1279,1507
Fairfield,Gonorrhoea,2021,155,153.6,101329,50974,50355,44380,37797,9194,3211,1284,1513
Fairfield,Gonorrhoea,2022,248,246.3,101733,51177,50556,44557,37948,9231,3224,1289,1519
Fairfield,Gonorrhoea,2023,189,187.6,102137,51380,50756,44734,38098,9267,3237,1294,1525
Fairfield,Gonorrhoea,2024,146,145.1,102540,51583,50957,44911,38249,9304,3250,1299,1531
Fairfield,Syphillis,2020,27,27.2,100926,50771,50155,44204,37647,9158,3199,1279,1507
Fairfield,Syphillis,2021,20,19.9,101329,50974,50355,44380,37797,9194,3211,1284,1513
Fairfield,Syphillis,2022,28,27.9,101733,51177,50556,44557,37948,9231,3224,1289,1519
Fairfield,Syphillis,2023,16,16.6,102137,51380,50756,44734,38098,9267,3237,1294,1525
Fairfield,Syphillis,2024,20,20.7,102540,51583,50957,44911,38249,9304,3250,1299,1531
Fayette,Chlaydia,2020,96,323.8,29703,14807,14896,12561,11729,2800,1958,255,619
Fayette,Chlaydia,2021,92,312.6,29821,14866,14955,12611,11775,2811,1965,256,621
Fayette,Chlaydia,2022,114,384.0,29940,14925,15015,12661,11822,2822,1973,257,623
Fayette,Chlaydia,2023,116,392.3,30059,14984,15074,12711,11869,2833,1981,258,626
Fayette,Chlaydia,2024,117,395.4,30178,15043,15134,12761,11916,2844,1989,259,628
Fayette,Gonorrhoea,2020,37,124.8,29703,14807,14896,12561,11729,2800,1958,255,619
Fayette,Gonorrhoea,2021,46,155.2,29821,14866,14955,12611,11775,2811,1965,256,621
Fayette,Gonorrhoea,2022,42,143.5,29940,14925,15015,12661,11822,2822,1973,257,623
Fayette,Gonorrhoea,2023,49,166.6,30059,14984,15074,12711,11869,2833,1981,258,626
Fayette,Gonorrhoea,2024,27,93.3,30178,15043,15134,12761,11916,2844,1989,259,628
Fayette,Syphillis,2020,6,20.9,29703,14807,14896,12561,11729,2800,1958,255,619
Fayette,Syphillis,2021,3,13.3,29821,14866,14955,12611,11775,2811,1965,256,621
Fayette,Syphillis,2022,4,15.6,29940,14925,15015,12661,11822,2822,1973,257,623
Fayette,Syphillis,2023,6,20.7,30059,14984,15074,12711,11869,2833,1981,258,626
Fayette,Syphillis,2024,5,18.7,30178,15043,15134,12761,11916,2844,1989,259,628
Franklin,Chlaydia,2020,8824,668.5,1320000,655705,664295,563809,594405,99001,124049,38851,56547
Franklin,Chlaydia,2021,7576,574.0,1325280,658327,666952,566064,596782,99397,124545,39006,56773
Franklin,Chlaydia,2022,7139,540.9,1330560,660950,669609,568319,599160,99793,125041,39161,56999
Franklin,Chlaydia,2023,8564,648.8,1335840,663573,672266,570574,601537,100189,125537,39317,57225
Franklin,Chlaydia,2024,10369,785.6,1341120,666196,674923,572829,603915,100585,126033,39472,57451
Franklin,Gonorrhoea,2020,2713,205.6,1320000,655705,664295,563809,594405,99001,124049,38851,56547
Franklin,Gonorrhoea,2021,4206,318.7,1325280,658327,666952,566064,596782,99397,124545,39006,56773
Franklin,Gonorrhoea,2022,2576,195.2,1330560,660950,669609,568319,599160,99793,125041,39161,56999
Franklin,Gonorrhoea,2023,3286,249.0,1335840,663573,672266,570574,601537,100189,125537,39317,57225
Franklin,Gonorrhoea,2024,2815,213.3,1341120,666196,674923,572829,603915,100585,126033,39472,57451
Franklin,Syphillis,2020,469,35.6,1320000,655705,664295,563809,594405,99001,124049,38851,56547
Franklin,Syphillis,2021,311,23.6,1325280,658327,666952,566064,596782,99397,124545,39006,56773
Franklin,Syphillis,2022,407,30.9,1330560,660950,669609,568319,599160,99793,125041,39161,56999
Franklin,Syphillis,2023,460,34.9,1335840,663573,672266,570574,601537,100189,125537,39317,57225
Franklin,Syphillis,2024,407,30.9,1341120,666196,674923,572829,603915,100585,126033,39472,57451
Fulton,Chlaydia,2020,339,244.9,138785,69499,69286,57761,52726,15067,15070,3698,5118
Fulton,Chlaydia,2021,512,369.6,139340,69776,69563,57992,52936,15127,15130,3712,5138
Fulton,Chlaydia,2022,323,233.3,139895,70054,69840,58223,53147,15187,15190,3727,5158
Fulton,Chlaydia,2023,332,239.5,140450,70332,70117,58454,53358,15247,15250,3742,5179
Fulton,Chlaydia,2024,345,249.1,141005,70610,70394,58685,53569,15308,15311,3757,5199
Fulton,Gonorrhoea,2020,167,120.6,138785,69499,69286,57761,52726,15067,15070,3698,5118
Fulton,Gonorrhoea,2021,182,131.8,139340,69776,69563,57992,52936,15127,15130,3712,5138
Fulton,Gonorrhoea,2022,146,105.9,139895,70054,69840,58223,53147,15187,15190,3727,5158
Fulton,Gonorrhoea,2023,211,152.2,140450,70332,70117,58454,53358,15247,15250,3742,5179
Fulton,Gonorrhoea,2024,228,164.5,141005,70610,70394,58685,53569,15308,15311,3757,5199
Fulton,Syphillis,2020,21,15.6,138785,69499,69286,57761,52726,15067,15070,3698,5118
Fulton,Syphillis,2021,25,18.2,139340,69776,69563,57992,52936,15127,15130,3712,5138
Fulton,Syphillis,2022,20,15.0,139895,70054,69840,58223,53147,15187,15190,3727,5158
Fulton,Syphillis,2023,21,15.3,140450,70332,70117,58454,53358,15247,15250,3742,5179
Fulton,Syphillis,2024,25,18.6,141005,70610,70394,58685,53569,15308,15311,3757,5199
Gallia,Chlaydia,2020,507,432.8,117194,57594,59600,42195,43374,8343,8169,3857,2412
Gallia,Chlaydia,2021,599,511.7,117662,57824,59838,42363,43547,8376,8201,3872,2421
Gallia,Chlaydia,2022,530,452.8,118131,58054,60076,42532,43720,8409,8234,3887,2431
Gallia,Chlaydia,2023,597,510.0,118600,58285,60315,42701,43894,8443,8267,3903,2440
Gallia,Chlaydia,2024,577,492.4,119069,58515,60553,42870,44067,8476,8299,3918,2450
Gallia,Gonorrhoea,2020,189,161.9,117194,57594,59600,42195,43374,8343,8169,3857,2412
Gallia,Gonorrhoea,2021,196,167.5,117662,57824,59838,42363,43547,8376,8201,3872,2421
Gallia,Gonorrhoea,2022,190,162.4,118131,58054,60076,42532,43720,8409,8234,3887,2431
Gallia,Gonorrhoea,2023,169,144.8,118600,58285,60315,42701,43894,8443,8267,3903,2440
Gallia,Gonorrhoea,2024,272,232.3,119069,58515,60553,42870,44067,8476,8299,3918,2450
Gallia,Syphillis,2020,17,14.9,117194,57594,59600,42195,43374,8343,8169,3857,2412
Gallia,Syphillis,2021,21,18.5,117662,57824,59838,42363,43547,8376,8201,3872,2421
Gallia,Syphillis,2022,22,19.6,118131,58054,60076,42532,43720,8409,8234,3887,2431
Gallia,Syphillis,2023,16,13.8,118600,58285,60315,42701,43894,8443,8267,3903,2440
Gallia,Syphillis,2024,29,25.1,119069,58515,60553,42870,44067,8476,8299,3918,2450
Geauga,Chlaydia,2020,274,272.1,100842,50259,50583,39723,45129,10465,5290,4184,714
Geauga,Chlaydia,2021,289,287.5,101245,50460,50785,39881,45309,10506,5311,4200,716
Geauga,Chlaydia,2022,446,443.0,101648,50661,50987,40040,45490,10548,5332,4217,719
Geauga,Chlaydia,2023,373,370.8,102052,50862,51189,40199,45670,10590,5353,4234,722
Geauga,Chlaydia,2024,287,285.2,102455,51063,51392,40358,45851,10632,5374,4250,725
Geauga,Gonorrhoea,2020,136,135.3,100842,50259,50583,39723,45129,10465,5290,4184,714
Geauga,Gonorrhoea,2021,168,167.4,101245,50460,50785,39881,45309,10506,5311,4200,716
Geauga,Gonorrhoea,2022,165,164.3,101648,50661,50987,40040,45490,10548,5332,4217,719
Geauga,Gonorrhoea,2023,160,159.6,102052,50862,51189,40199,45670,10590,5353,4234,722
Geauga,Gonorrhoea,2024,177,176.2,102455,51063,51392,40358,45851,10632,5374,4250,725
Geauga,Syphillis,2020,14,14.1,100842,50259,50583,39723,45129,10465,5290,4184,714
Geauga,Syphillis,2021,21,21.3,101245,50460,50785,39881,45309,10506,5311,4200,716
Geauga,Syphillis,2022,13,13.3,101648,50661,50987,40040,45490,10548,5332,4217,719
Geauga,Syphillis,2023,17,17.0,102052,50862,51189,40199,45670,10590,5353,4234,722
Geauga,Syphillis,2024,17,17.0,102455,51063,51392,40358,45851,10632,5374,4250,725
Greene,Chlaydia,2020,266,387.0,68758,34684,34074,24978,27828,3303,3772,783,1190
Greene,Chlaydia,2021,209,304.6,69033,34822,34210,25077,27939,3316,3787,786,1194
Greene,Chlaydia,2022,197,287.3,69308,34961,34346,25177,28050,3329,3802,789,1199
Greene,Chlaydia,2023,226,329.3,69583,35100,34482,25277,28161,3342,3817,792,1204
Greene,Chlaydia,2024,276,402.1,69858,35238,34619,25377,28273,3355,3832,795,1209
Greene,Gonorrhoea,2020,82,120.1,68758,34684,34074,24978,27828,3303,3772,783,1190
Greene,Gonorrhoea,2021,91,133.5,69033,34822,34210,25077,27939,3316,3787,786,1194
Greene,Gonorrhoea,2022,105,153.9,69308,34961,34346,25177,28050,3329,3802,789,1199
Greene,Gonorrhoea,2023,108,157.5,69583,35100,34482,25277,28161,3342,3817,792,1204
Greene,Gonorrhoea,2024,82,119.5,69858,35238,34619,25377,28273,3355,3832,795,1209
Greene,Syphillis,2020,8,12.3,68758,34684,34074,24978,27828,3303,3772,783,1190
Greene,Syphillis,2021,14,21.0,69033,34822,34210,25077,27939,3316,3787,786,1194
Greene,Syphillis,2022,14,20.9,69308,34961,34346,25177,28050,3329,3802,789,1199
Greene,Syphillis,2023,8,12.8,69583,35100,34482,25277,28161,3342,3817,792,1204
Greene,Syphillis,2024,11,17.0,69858,35238,34619,25377,28273,3355,3832,795,1209
Guernsey,Chlaydia,2020,384,454.8,84443,41173,43270,33645,32479,5424,6646,1578,1807
Guernsey,Chlaydia,2021,341,404.3,84780,41337,43443,33779,32608,5445,6672,1584,1814
Guernsey,Chlaydia,2022,377,446.9,85118,41502,43616,33914,32738,5467,6699,1590,1821
Guernsey,Chlaydia,2023,372,441.0,85456,41667,43789,34048,32868,5489,6725,1596,1828
Guernsey,Chlaydia,2024,516,611.9,85794,41831,43962,34183,32998,5510,6752,1603,1835
Guernsey,Gonorrhoea,2020,197,234.0,84443,41173,43270,33645,32479,5424,6646,1578,1807
Guernsey,Gonorrhoea,2021,175,207.8,84780,41337,43443,33779,32608,5445,6672,1584,1814
Guernsey,Gonorrhoea,2022,150,178.4,85118,41502,43616,33914,32738,5467,6699,1590,1821
Guernsey,Gonorrhoea,2023,140,166.5,85456,41667,43789,34048,32868,5489,6725,1596,1828
Guernsey,Gonorrhoea,2024,119,141.2,85794,41831,43962,34183,32998,5510,6752,1603,1835
Guernsey,Syphillis,2020,20,24.5,84443,41173,43270,33645,32479,5424,6646,1578,1807
Guernsey,Syphillis,2021,20,24.7,84780,41337,43443,33779,32608,5445,6672,1584,1814
Guernsey,Syphillis,2022,18,22.0,85118,41502,43616,33914,32738,5467,6699,1590,1821
Guernsey,Syphillis,2023,15,18.4,85456,41667,43789,34048,32868,5489,6725,1596,1828
Guernsey,Syphillis,2024,19,22.6,85794,41831,43962,34183,32998,5510,6752,1603,1835
Hamilton,Chlaydia,2020,3710,447.1,830000,418456,411544,352338,301452,16972,29299,9992,9148
Hamilton,Chlaydia,2021,5660,682.0,833320,420129,413190,353747,302657,17039,29416,10031,9184
Hamilton,Chlaydia,2022,5292,637.6,836640,421803,414836,355156,303863,17107,29533,10071,9221
Hamilton,Chlaydia,2023,5888,709.4,839960,423477,416482,356566,305069,17175,29650,10111,9257
Hamilton,Chlaydia,2024,6475,780.2,843280,425151,418128,357975,306275,17243,29767,10151,9294
Hamilton,Gonorrhoea,2020,1762,212.3,830000,418456,411544,352338,301452,16972,29299,9992,9148
Hamilton,Gonorrhoea,2021,1854,223.4,833320,420129,413190,353747,302657,17039,29416,10031,9184
Hamilton,Gonorrhoea,2022,1971,237.5,836640,421803,414836,355156,303863,17107,29533,10071,9221
Hamilton,Gonorrhoea,2023,2508,302.2,839960,423477,416482,356566,305069,17175,29650,10111,9257
Hamilton,Gonorrhoea,2024,1962,236.5,843280,425151,418128,357975,306275,17243,29767,10151,9294
Hamilton,Syphillis,2020,223,26.9,830000,418456,411544,352338,301452,16972,29299,9992,9148
Hamilton,Syphillis,2021,205,24.7,833320,420129,413190,353747,302657,17039,29416,10031,9184
Hamilton,Syphillis,2022,245,29.6,836640,421803,414836,355156,303863,17107,29533,10071,9221
Hamilton,Syphillis,2023,201,24.3,839960,423477,416482,356566,305069,17175,29650,10111,9257
Hamilton,Syphillis,2024,232,28.0,843280,425151,418128,357975,306275,17243,29767,10151,9294
Hancock,Chlaydia,2020,302,552.2,54793,27210,27583,24759,23792,767,5566,1516,691
Hancock,Chlaydia,2021,284,519.4,55012,27318,27693,24858,23887,770,5588,1522,693
Hancock,Chlaydia,2022,333,609.3,55231,27427,27803,24957,23982,773,5610,1528,696
Hancock,Chlaydia,2023,240,439.5,55450,27536,27913,25056,24077,776,5632,1534,699
Hancock,Chlaydia,2024,238,435.6,55669,27645,28024,25155,24172,779,5655,1540,702
Hancock,Gonorrhoea,2020,95,174.0,54793,27210,27583,24759,23792,767,5566,1516,691
Hancock,Gonorrhoea,2021,88,161.4,55012,27318,27693,24858,23887,770,5588,1522,693
Hancock,Gonorrhoea,2022,96,176.7,55231,27427,27803,24957,23982,773,5610,1528,696
Hancock,Gonorrhoea,2023,116,212.5,55450,27536,27913,25056,24077,776,5632,1534,699
Hancock,Gonorrhoea,2024,91,166.2,55669,27645,28024,25155,24172,779,5655,1540,702
Hancock,Syphillis,2020,9,17.8,54793,27210,27583,24759,23792,767,5566,1516,691
Hancock,Syphillis,2021,10,18.9,55012,27318,27693,24858,23887,770,5588,1522,693
Hancock,Syphillis,2022,12,23.7,55231,27427,27803,24957,23982,773,5610,1528,696
Hancock,Syphillis,2023,13,24.7,55450,27536,27913,25056,24077,776,5632,1534,699
Hancock,Syphillis,2024,7,13.9,55669,27645,28024,25155,24172,779,5655,1540,702
Hardin,Chlaydia,2020,175,334.9,52312,26065,26247,23502,20164,3941,4000,529,1750
Hardin,Chlaydia,2021,125,239.4,52521,26169,26351,23596,20244,3956,4016,531,1757
Hardin,Chlaydia,2022,218,417.1,52730,26273,26456,23690,20325,3972,4032,533,1764
Hardin,Chlaydia,2023,237,453.6,52939,26377,26561,23784,20405,3988,4048,535,1771
Hardin,Chlaydia,2024,162,310.5,53148,26482,26666,23878,20486,4004,4064,537,1778
Hardin,Gonorrhoea,2020,45,86.8,52312,26065,26247,23502,20164,3941,4000,529,1750
Hardin,Gonorrhoea,2021,80,154.7,52521,26169,26351,23596,20244,3956,4016,531,1757
Hardin,Gonorrhoea,2022,74,141.8,52730,26273,26456,23690,20325,3972,4032,533,1764
Hardin,Gonorrhoea,2023,79,152.6,52939,26377,26561,23784,20405,3988,4048,535,1771
Hardin,Gonorrhoea,2024,52,100.2,53148,26482,26666,23878,20486,4004,4064,537,1778
Hardin,Syphillis,2020,7,14.2,52312,26065,26247,23502,20164,3941,4000,529,1750
Hardin,Syphillis,2021,8,16.5,52521,26169,26351,23596,20244,3956,4016,531,1757
Hardin,Syphillis,2022,8,16.0,52730,26273,26456,23690,20325,3972,4032,533,1764
Hardin,Syphillis,2023,9,17.4,52939,26377,26561,23784,20405,3988,4048,535,1771
Hardin,Syphillis,2024,6,12.3,53148,26482,26666,23878,20486,4004,4064,537,1778
Harrison,Chlaydia,2020,626,491.3,127595,62345,65250,53144,54643,12502,10716,841,2554
Harrison,Chlaydia,2021,713,559.5,128105,62594,65511,53356,54861,12552,10758,844,2564
Harrison,Chlaydia,2022,487,381.7,128615,62843,65772,53569,55080,12602,10801,847,2574
Harrison,Chlaydia,2023,805,631.4,129126,63093,66033,53781,55298,12652,10844,851,2584
Harrison,Chlaydia,2024,578,453.4,129636,63342,66294,53994,55517,12702,10887,854,2594
Harrison,Gonorrhoea,2020,242,190.1,127595,62345,65250,53144,54643,12502,10716,841,2554
Harrison,Gonorrhoea,2021,272,213.9,128105,62594,65511,53356,54861,12552,10758,844,2564
Harrison,Gonorrhoea,2022,251,197.3,128615,62843,65772,53569,55080,12602,10801,847,2574
Harrison,Gonorrhoea,2023,189,148.7,129126,63093,66033,53781,55298,12652,10844,851,2584
Harrison,Gonorrhoea,2024,235,184.5,129636,63342,66294,53994,55517,12702,10887,854,2594
Harrison,Syphillis,2020,19,15.4,127595,62345,65250,53144,54643,12502,10716,841,2554
Harrison,Syphillis,2021,25,19.7,128105,62594,65511,53356,54861,12552,10758,844,2564
Harrison,Syphillis,2022,33,26.4,128615,62843,65772,53569,55080,12602,10801,847,2574
Harrison,Syphillis,2023,21,17.2,129126,63093,66033,53781,55298,12652,10844,851,2584
Harrison,Syphillis,2024,19,15.3,129636,63342,66294,53994,55517,12702,10887,854,2594
Henry,Chlaydia,2020,255,479.5,53353,26355,26998,21424,23834,1010,5456,1985,2180
Henry,Chlaydia,2021,255,478.1,53566,26460,27105,21509,23929,1014,5477,1992,2188
Henry,Chlaydia,2022,217,407.5,53779,26565,27213,21595,24024,1018,5499,2000,2197
Henry,Chlaydia,2023,206,386.8,53993,26671,27321,21681,24120,1022,5521,2008,2206
Henry,Chlaydia,2024,279,524.0,54206,26776,27429,21766,24215,1026,5543,2016,2214
Henry,Gonorrhoea,2020,78,146.3,53353,26355,26998,21424,23834,1010,5456,1985,2180
Henry,Gonorrhoea,2021,111,209.5,53566,26460,27105,21509,23929,1014,5477,1992,2188
Henry,Gonorrhoea,2022,135,254.8,53779,26565,27213,21595,24024,1018,5499,2000,2197
Henry,Gonorrhoea,2023,119,224.3,53993,26671,27321,21681,24120,1022,5521,2008,2206
Henry,Gonorrhoea,2024,92,173.7,54206,26776,27429,21766,24215,1026,5543,2016,2214
Henry,Syphillis,2020,9,18.5,53353,26355,26998,21424,23834,1010,5456,1985,2180
Henry,Syphillis,2021,14,26.3,53566,26460,27105,21509,23929,1014,5477,1992,2188
Henry,Syphillis,2022,14,27.8,53779,26565,27213,21595,24024,1018,5499,2000,2197
Henry,Syphillis,2023,9,17.6,53993,26671,27321,21681,24120,1022,5521,2008,2206
Henry,Syphillis,2024,13,24.5,54206,26776,27429,21766,24215,1026,5543,2016,2214
Highland,Chlaydia,2020,394,322.7,122104,60741,61363,43357,54249,7286,7806,3678,3436
Highland,Chlaydia,2021,587,480.8,122592,60983,61608,43530,54465,7315,7837,3692,3449
Highland,Chlaydia,2022,602,493.6,123080,61226,61853,43703,54682,7344,7868,3707,3463
Highland,Chlaydia,2023,541,443.6,123569,61469,62099,43877,54899,7373,7899,3722,3477
Highland,Chlaydia,2024,705,578.1,124057,61712,62344,44050,55116,7402,7930,3736,3490
Highland,Gonorrhoea,2020,223,183.1,122104,60741,61363,43357,54249,7286,7806,3678,3436
Highland,Gonorrhoea,2021,264,216.8,122592,60983,61608,43530,54465,7315,7837,3692,3449
Highland,Gonorrhoea,2022,196,161.0,123080,61226,61853,43703,54682,7344,7868,3707,3463
Highland,Gonorrhoea,2023,258,211.6,123569,61469,62099,43877,54899,7373,7899,3722,3477
Highland,Gonorrhoea,2024,166,136.1,124057,61712,62344,44050,55116,7402,7930,3736,3490
Highland,Syphillis,2020,28,23.1,122104,60741,61363,43357,54249,7286,7806,3678,3436
Highland,Syphillis,2021,26,21.7,122592,60983,61608,43530,54465,7315,7837,3692,3449
Highland,Syphillis,2022,21,17.7,123080,61226,61853,43703,54682,7344,7868,3707,3463
Highland,Syphillis,2023,23,19.2,123569,61469,62099,43877,54899,7373,7899,3722,3477
Highland,Syphillis,2024,34,28.1,124057,61712,62344,44050,55116,7402,7930,3736,3490
Hocking,Chlaydia,2020,412,348.7,118165,58928,59237,53965,47702,3326,2782,3964,5064
Hocking,Chlaydia,2021,327,277.2,118637,59163,59473,54180,47892,3339,2793,3979,5084
Hocking,Chlaydia,2022,328,277.6,119110,59399,59710,54396,48083,3352,2804,3995,5104
Hocking,Chlaydia,2023,390,330.2,119582,59635,59947,54612,48274,3365,2815,4011,5124
Hocking,Chlaydia,2024,340,288.5,120055,59870,60184,54828,48465,3379,2826,4027,5145
Hocking,Gonorrhoea,2020,168,143.0,118165,58928,59237,53965,47702,3326,2782,3964,5064
Hocking,Gonorrhoea,2021,147,125.2,118637,59163,59473,54180,47892,3339,2793,3979,5084
Hocking,Gonorrhoea,2022,162,137.1,119110,59399,59710,54396,48083,3352,2804,3995,5104
Hocking,Gonorrhoea,2023,134,113.6,119582,59635,59947,54612,48274,3365,2815,4011,5124
Hocking,Gonorrhoea,2024,183,155.4,120055,59870,60184,54828,48465,3379,2826,4027,5145
Hocking,Syphillis,2020,12,11.0,118165,58928,59237,53965,47702,3326,2782,3964,5064
Hocking,Syphillis,2021,15,12.9,118637,59163,59473,54180,47892,3339,2793,3979,5084
Hocking,Syphillis,2022,15,12.7,119110,59399,59710,54396,48083,3352,2804,3995,5104
Hocking,Syphillis,2023,14,12.1,119582,59635,59947,54612,48274,3365,2815,4011,5124
Hocking,Syphillis,2024,21,18.3,120055,59870,60184,54828,48465,3379,2826,4027,5145
Holmes,Chlaydia,2020,309,317.6,97342,47562,49780,36367,35969,4070,3938,2172,3355
Holmes,Chlaydia,2021,412,423.5,97731,47752,49979,36512,36112,4086,3953,2180,3368
Holmes,Chlaydia,2022,322,331.2,98120,47942,50178,36657,36256,4102,3969,2189,3381
Holmes,Chlaydia,2023,406,417.2,98510,48132,50377,36803,36400,4118,3985,2198,3395
Holmes,Chlaydia,2024,317,325.7,98899,48322,50576,36948,36544,4135,4001,2206,3408
Holmes,Gonorrhoea,2020,127,130.9,97342,47562,49780,36367,35969,4070,3938,2172,3355
Holmes,Gonorrhoea,2021,104,107.2,97731,47752,49979,36512,36112,4086,3953,2180,3368
Holmes,Gonorrhoea,2022,144,148.5,98120,47942,50178,36657,36256,4102,3969,2189,3381
Holmes,Gonorrhoea,2023,133,136.7,98510,48132,50377,36803,36400,4118,3985,2198,3395
Holmes,Gonorrhoea,2024,98,101.1,98899,48322,50576,36948,36544,4135,4001,2206,3408
Holmes,Syphillis,2020,13,13.8,97342,47562,49780,36367,35969,4070,3938,2172,3355
Holmes,Syphillis,2021,11,11.4,97731,47752,49979,36512,36112,4086,3953,2180,3368
Holmes,Syphillis,2022,13,14.1,98120,47942,50178,36657,36256,4102,3969,2189,3381
Holmes,Syphillis,2023,14,14.7,98510,48132,50377,36803,36400,4118,3985,2198,3395
Holmes,Syphillis,2024,10,10.7,98899,48322,50576,36948,36544,4135,4001,2206,3408
Huron,Chlaydia,2020,232,590.9,39390,19393,19997,14916,15223,4113,503,482,1028
Huron,Chlaydia,2021,171,434.4,39547,19470,20076,14975,15283,4129,505,483,1032
Huron,Chlaydia,2022,234,594.7,39705,19548,20156,15035,15344,4145,507,485,1036
Huron,Chlaydia,2023,193,490.7,39862,19625,20236,15094,15405,4162,509,487,1040
Huron,Chlaydia,2024,138,350.8,40020,19703,20316,15154,15466,4178,511,489,1044
Huron,Gonorrhoea,2020,89,226.5,39390,19393,19997,14916,15223,4113,503,482,1028
Huron,Gonorrhoea,2021,99,252.4,39547,19470,20076,14975,15283,4129,505,483,1032
Huron,Gonorrhoea,2022,113,289.0,39705,19548,20156,15035,15344,4145,507,485,1036
Huron,Gonorrhoea,2023,97,246.4,39862,19625,20236,15094,15405,4162,509,487,1040
Huron,Gonorrhoea,2024,74,189.2,40020,19703,20316,15154,15466,4178,511,489,1044
Huron,Syphillis,2020,7,18.5,39390,19393,19997,14916,15223,4113,503,482,1028
Huron,Syphillis,2021,10,26.9,39547,19470,20076,14975,15283,4129,505,483,1032
Huron,Syphillis,2022,8,20.7,39705,19548,20156,15035,15344,4145,507,485,1036
Huron,Syphillis,2023,11,29.1,39862,19625,20236,15094,15405,4162,509,487,1040
Huron,Syphillis,2024,8,22.8,40020,19703,20316,15154,15466,4178,511,489,1044
Jackson,Chlaydia,2020,509,343.3,148435,73457,74978,57252,61924,8335,16240,1497,6053
Jackson,Chlaydia,2021,432,291.3,149028,73750,75277,57481,62171,8368,16304,1502,6077
Jackson,Chlaydia,2022,477,321.8,149622,74044,75577,57710,62419,8401,16369,1508,6101
Jackson,Chlaydia,2023,378,255.2,150216,74338,75877,57939,62667,8435,16434,1514,6125
Jackson,Chlaydia,2024,400,269.8,150809,74632,76177,58168,62914,8468,16499,1520,6149
Jackson,Gonorrhoea,2020,138,93.4,148435,73457,74978,57252,61924,8335,16240,1497,6053
Jackson,Gonorrhoea,2021,192,129.5,149028,73750,75277,57481,62171,8368,16304,1502,6077
Jackson,Gonorrhoea,2022,216,146.0,149622,74044,75577,57710,62419,8401,16369,1508,6101
Jackson,Gonorrhoea,2023,168,113.8,150216,74338,75877,57939,62667,8435,16434,1514,6125
Jackson,Gonorrhoea,2024,255,171.9,150809,74632,76177,58168,62914,8468,16499,1520,6149
Jackson,Syphillis,2020,18,12.3,148435,73457,74978,57252,61924,8335,16240,1497,6053
Jackson,Syphillis,2021,25,17.3,149028,73750,75277,57481,62171,8368,16304,1502,6077
Jackson,Syphillis,2022,25,17.3,149622,74044,75577,57710,62419,8401,16369,1508,6101
Jackson,Syphillis,2023,18,12.7,150216,74338,75877,57939,62667,8435,16434,1514,6125
Jackson,Syphillis,2024,15,10.3,150809,74632,76177,58168,62914,8468,16499,1520,6149
Jefferson,Chlaydia,2020,774,459.3,168568,84979,83589,64616,70006,12142,3233,5207,4793
Jefferson,Chlaydia,2021,683,405.5,169242,85318,83923,64874,70286,12190,3245,5227,4812
Jefferson,Chlaydia,2022,577,342.6,169916,85658,84257,65132,70566,12239,3258,5248,4831
Jefferson,Chlaydia,2023,616,365.8,170590,85998,84592,65391,70846,12287,3271,5269,4850
Jefferson,Chlaydia,2024,1023,606.9,171265,86338,84926,65649,71126,12336,3284,5290,4869
Jefferson,Gonorrhoea,2020,235,139.8,168568,84979,83589,64616,70006,12142,3233,5207,4793
Jefferson,Gonorrhoea,2021,311,185.0,169242,85318,83923,64874,70286,12190,3245,5227,4812
Jefferson,Gonorrhoea,2022,332,197.3,169916,85658,84257,65132,70566,12239,3258,5248,4831
Jefferson,Gonorrhoea,2023,327,194.1,170590,85998,84592,65391,70846,12287,3271,5269,4850
Jefferson,Gonorrhoea,2024,238,141.7,171265,86338,84926,65649,71126,12336,3284,5290,4869
Jefferson,Syphillis,2020,31,18.5,168568,84979,83589,64616,70006,12142,3233,5207,4793
Jefferson,Syphillis,2021,37,22.0,169242,85318,83923,64874,70286,12190,3245,5227,4812
Jefferson,Syphillis,2022,30,18.0,169916,85658,84257,65132,70566,12239,3258,5248,4831
Jefferson,Syphillis,2023,30,18.3,170590,85998,84592,65391,70846,12287,3271,5269,4850
Jefferson,Syphillis,2024,37,22.2,171265,86338,84926,65649,71126,12336,3284,5290,4869
Knox,Chlaydia,2020,203,335.6,60722,29837,30885,27371,23966,2976,5316,1527,571
Knox,Chlaydia,2021,150,248.3,60964,29956,31008,27480,24061,2987,5337,1533,573
Knox,Chlaydia,2022,284,468.1,61207,30075,31132,27589,24157,2999,5358,1539,575
Knox,Chlaydia,2023,274,452.2,61450,30195,31255,27699,24253,3011,5379,1545,577
Knox,Chlaydia,2024,300,495.3,61693,30314,31379,27808,24349,3023,5401,1551,580
Knox,Gonorrhoea,2020,94,155.1,60722,29837,30885,27371,23966,2976,5316,1527,571
Knox,Gonorrhoea,2021,65,107.6,60964,29956,31008,27480,24061,2987,5337,1533,573
Knox,Gonorrhoea,2022,91,150.2,61207,30075,31132,27589,24157,2999,5358,1539,575
Knox,Gonorrhoea,2023,95,156.9,61450,30195,31255,27699,24253,3011,5379,1545,577
Knox,Gonorrhoea,2024,71,117.0,61693,30314,31379,27808,24349,3023,5401,1551,580
Knox,Syphillis,2020,8,13.4,60722,29837,30885,27371,23966,2976,5316,1527,571
Knox,Syphillis,2021,7,11.8,60964,29956,31008,27480,24061,2987,5337,1533,573
Knox,Syphillis,2022,10,16.6,61207,30075,31132,27589,24157,2999,5358,1539,575
Knox,Syphillis,2023,12,19.9,61450,30195,31255,27699,24253,3011,5379,1545,577
Knox,Syphillis,2024,6,11.0,61693,30314,31379,27808,24349,3023,5401,1551,580
Lake,Chlaydia,2020,469,369.2,127230,61980,65250,45212,49471,5773,6567,844,919
Lake,Chlaydia,2021,524,412.2,127738,62227,65511,45392,49668,5796,6593,847,922
Lake,Chlaydia,2022,668,525.1,128247,62475,65772,45573,49866,5819,6619,850,926
Lake,Chlaydia,2023,618,486.3,128756,62723,66033,45754,50064,5842,6645,854,930
Lake,Chlaydia,2024,377,296.9,129265,62971,66294,45935,50262,5865,6672,857,933
Lake,Gonorrhoea,2020,275,216.3,127230,61980,65250,45212,49471,5773,6567,844,919
Lake,Gonorrhoea,2021,199,157.0,127738,62227,65511,45392,49668,5796,6593,847,922
Lake,Gonorrhoea,2022,218,171.6,128247,62475,65772,45573,49866,5819,6619,850,926
Lake,Gonorrhoea,2023,157,123.4,128756,62723,66033,45754,50064,5842,6645,854,930
Lake,Gonorrhoea,2024,214,168.8,129265,62971,66294,45935,50262,5865,6672,857,933
Lake,Syphillis,2020,24,19.6,127230,61980,65250,45212,49471,5773,6567,844,919
Lake,Syphillis,2021,30,23.6,127738,62227,65511,45392,49668,5796,6593,847,922
Lake,Syphillis,2022,29,23.5,128247,62475,65772,45573,49866,5819,6619,850,926
Lake,Syphillis,2023,23,18.1,128756,62723,66033,45754,50064,5842,6645,854,930
Lake,Syphillis,2024,32,25.7,129265,62971,66294,45935,50262,5865,6672,857,933
Lawrence,Chlaydia,2020,169,349.1,48656,24175,24481,19620,19881,2851,3245,1160,277
Lawrence,Chlaydia,2021,221,454.4,48850,24271,24578,19698,19960,2862,3257,1164,278
Lawrence,Chlaydia,2022,211,434.4,49045,24368,24676,19776,20040,2873,3270,1169,279
Lawrence,Chlaydia,2023,164,338.3,49239,24465,24774,19855,20119,2885,3283,1173,280
Lawrence,Chlaydia,2024,256,526.3,49434,24561,24872,19933,20199,2896,3296,1178,281
Lawrence,Gonorrhoea,2020,59,121.7,48656,24175,24481,19620,19881,2851,3245,1160,277
Lawrence,Gonorrhoea,2021,68,140.1,48850,24271,24578,19698,19960,2862,3257,1164,278
Lawrence,Gonorrhoea,2022,82,170.4,49045,24368,24676,19776,20040,2873,3270,1169,279
Lawrence,Gonorrhoea,2023,73,151.1,49239,24465,24774,19855,20119,2885,3283,1173,280
Lawrence,Gonorrhoea,2024,70,144.6,49434,24561,24872,19933,20199,2896,3296,1178,281
Lawrence,Syphillis,2020,9,18.9,48656,24175,24481,19620,19881,2851,3245,1160,277
Lawrence,Syphillis,2021,7,16.0,48850,24271,24578,19698,19960,2862,3257,1164,278
Lawrence,Syphillis,2022,7,16.2,49045,24368,24676,19776,20040,2873,3270,1169,279
Lawrence,Syphillis,2023,7,16.3,49239,24465,24774,19855,20119,2885,3283,1173,280
Lawrence,Syphillis,2024,8,18.2,49434,24561,24872,19933,20199,2896,3296,1178,281
Licking,Chlaydia,2020,637,369.3,172714,86696,86018,74561,73568,10727,11369,7789,4152
Licking,Chlaydia,2021,683,395.9,173404,87042,86362,74859,73862,10769,11414,7820,4168
Licking,Chlaydia,2022,846,490.4,174095,87389,86706,75157,74156,10812,11459,7851,4185
Licking,Chlaydia,2023,845,489.4,174786,87736,87050,75455,74450,10855,11505,7882,4201
Licking,Chlaydia,2024,631,365.5,175477,88083,87394,75753,74745,10898,11550,7913,4218
Licking,Gonorrhoea,2020,224,129.9,172714,86696,86018,74561,73568,10727,11369,7789,4152
Licking,Gonorrhoea,2021,326,188.9,173404,87042,86362,74859,73862,10769,11414,7820,4168
Licking,Gonorrhoea,2022,335,194.5,174095,87389,86706,75157,74156,10812,11459,7851,4185
Licking,Gonorrhoea,2023,317,183.6,174786,87736,87050,75455,74450,10855,11505,7882,4201
Licking,Gonorrhoea,2024,269,156.3,175477,88083,87394,75753,74745,10898,11550,7913,4218
Licking,Syphillis,2020,37,21.9,172714,86696,86018,74561,73568,10727,11369,7789,4152
Licking,Syphillis,2021,27,15.7,173404,87042,86362,74859,73862,10769,11414,7820,4168
Licking,Syphillis,2022,32,18.6,174095,87389,86706,75157,74156,10812,11459,7851,4185
Licking,Syphillis,2023,32,18.7,174786,87736,87050,75455,74450,10855,11505,7882,4201
Licking,Syphillis,2024,35,20.3,175477,88083,87394,75753,74745,10898,11550,7913,4218
Logan,Chlaydia,2020,307,292.8,104854,51161,53693,36286,48869,1831,10996,3196,3747
Logan,Chlaydia,2021,313,298.9,105273,51365,53907,36431,49064,1838,11039,3208,3761
Logan,Chlaydia,2022,390,372.7,105692,51570,54122,36576,49259,1845,11083,3221,3776
Logan,Chlaydia,2023,253,241.6,106112,51774,54337,36721,49455,1852,11127,3234,3791
Logan,Chlaydia,2024,358,341.9,106531,51979,54552,36866,49650,1860,11171,3247,3806
Logan,Gonorrhoea,2020,107,102.1,104854,51161,53693,36286,48869,1831,10996,3196,3747
Logan,Gonorrhoea,2021,138,132.1,105273,51365,53907,36431,49064,1838,11039,3208,3761
Logan,Gonorrhoea,2022,117,111.7,105692,51570,54122,36576,49259,1845,11083,3221,3776
Logan,Gonorrhoea,2023,212,202.3,106112,51774,54337,36721,49455,1852,11127,3234,3791
Logan,Gonorrhoea,2024,144,137.4,106531,51979,54552,36866,49650,1860,11171,3247,3806
Logan,Syphillis,2020,16,15.3,104854,51161,53693,36286,48869,1831,10996,3196,3747
Logan,Syphillis,2021,19,18.5,105273,51365,53907,36431,49064,1838,11039,3208,3761
Logan,Syphillis,2022,14,13.4,105692,51570,54122,36576,49259,1845,11083,3221,3776
Logan,Syphillis,2023,17,16.7,106112,51774,54337,36721,49455,1852,11127,3234,3791
Logan,Syphillis,2024,15,14.6,106531,51979,54552,36866,49650,1860,11171,3247,3806
Lorain,Chlaydia,2020,2271,721.0,315000,157428,157572,139650,111593,32161,16320,12123,13348
Lorain,Chlaydia,2021,1597,507.0,316260,158057,158202,140208,112039,32289,16385,12171,13401
Lorain,Chlaydia,2022,2485,788.9,317520,158687,158832,140767,112485,32418,16450,12219,13454
Lorain,Chlaydia,2023,1349,428.4,318780,159317,159462,141325,112932,32546,16515,12268,13508
Lorain,Chlaydia,2024,1981,629.0,320040,159946,160093,141884,113378,32675,16581,12316,13561
Lorain,Gonorrhoea,2020,674,214.0,315000,157428,157572,139650,111593,32161,16320,12123,13348
Lorain,Gonorrhoea,2021,820,260.4,316260,158057,158202,140208,112039,32289,16385,12171,13401
Lorain,Gonorrhoea,2022,954,303.0,317520,158687,158832,140767,112485,32418,16450,12219,13454
Lorain,Gonorrhoea,2023,709,225.3,318780,159317,159462,141325,112932,32546,16515,12268,13508
Lorain,Gonorrhoea,2024,867,275.4,320040,159946,160093,141884,113378,32675,16581,12316,13561
Lorain,Syphillis,2020,98,31.3,315000,157428,157572,139650,111593,32161,16320,12123,13348
Lorain,Syphillis,2021,100,32.0,316260,158057,158202,140208,112039,32289,16385,12171,13401
Lorain,Syphillis,2022,73,23.4,317520,158687,158832,140767,112485,32418,16450,12219,13454
Lorain,Syphillis,2023,94,30.1,318780,159317,159462,141325,112932,32546,16515,12268,13508
Lorain,Syphillis,2024,87,27.9,320040,159946,160093,141884,113378,32675,16581,12316,13561
Lucas,Chlaydia,2020,3254,756.9,430000,214043,215957,168924,171490,18318,21631,3773,19119
Lucas,Chlaydia,2021,2329,541.7,431720,214899,216820,169599,172175,18391,21717,3788,19195
Lucas,Chlaydia,2022,2264,526.7,433440,215755,217684,170275,172861,18464,21804,3803,19271
Lucas,Chlaydia,2023,2705,629.1,435160,216611,218548,170951,173547,18537,21890,3818,19348
Lucas,Chlaydia,2024,2401,558.5,436880,217467,219412,171626,174233,18611,21977,3833,19424
Lucas,Gonorrhoea,2020,859,199.9,430000,214043,215957,168924,171490,18318,21631,3773,19119
Lucas,Gonorrhoea,2021,1030,239.6,431720,214899,216820,169599,172175,18391,21717,3788,19195
Lucas,Gonorrhoea,2022,1099,255.8,433440,215755,217684,170275,172861,18464,21804,3803,19271
Lucas,Gonorrhoea,2023,1459,339.4,435160,216611,218548,170951,173547,18537,21890,3818,19348
Lucas,Gonorrhoea,2024,1316,306.2,436880,217467,219412,171626,174233,18611,21977,3833,19424
Lucas,Syphillis,2020,149,34.8,430000,214043,215957,168924,171490,18318,21631,3773,19119
Lucas,Syphillis,2021,98,23.0,431720,214899,216820,169599,172175,18391,21717,3788,19195
Lucas,Syphillis,2022,129,30.2,433440,215755,217684,170275,172861,18464,21804,3803,19271
Lucas,Syphillis,2023,157,36.7,435160,216611,218548,170951,173547,18537,21890,3818,19348
Lucas,Syphillis,2024,134,31.3,436880,217467,219412,171626,174233,18611,21977,3833,19424
Madison,Chlaydia,2020,224,485.0,46233,23267,22966,20163,20128,4307,3958,1499,1324
Madison,Chlaydia,2021,276,597.9,46417,23360,23057,20243,20208,4324,3973,1504,1329
Madison,Chlaydia,2022,253,548.3,46602,23453,23149,20324,20289,4341,3989,1510,1334
Madison,Chlaydia,2023,208,452.0,46787,23546,23241,20404,20369,4358,4005,1516,1339
Madison,Chlaydia,2024,189,408.9,46972,23639,23333,20485,20450,4375,4021,1522,1345
Madison,Gonorrhoea,2020,84,182.2,46233,23267,22966,20163,20128,4307,3958,1499,1324
Madison,Gonorrhoea,2021,101,220.0,46417,23360,23057,20243,20208,4324,3973,1504,1329
Madison,Gonorrhoea,2022,111,240.5,46602,23453,23149,20324,20289,4341,3989,1510,1334
Madison,Gonorrhoea,2023,65,142.7,46787,23546,23241,20404,20369,4358,4005,1516,1339
Madison,Gonorrhoea,2024,76,166.2,46972,23639,23333,20485,20450,4375,4021,1522,1345
Madison,Syphillis,2020,10,22.6,46233,23267,22966,20163,20128,4307,3958,1499,1324
Madison,Syphillis,2021,9,19.9,46417,23360,23057,20243,20208,4324,3973,1504,1329
Madison,Syphillis,2022,8,17.6,46602,23453,23149,20324,20289,4341,3989,1510,1334
Madison,Syphillis,2023,7,16.5,46787,23546,23241,20404,20369,4358,4005,1516,1339
Madison,Syphillis,2024,8,18.9,46972,23639,23333,20485,20450,4375,4021,1522,1345
Mahoning,Chlaydia,2020,1054,468.8,225000,112276,112724,91960,80401,22325,24486,5362,3716
Mahoning,Chlaydia,2021,1578,701.5,225900,112725,113174,92327,80722,22414,24583,5383,3730
Mahoning,Chlaydia,2022,1390,617.8,226800,113174,113625,92695,81044,22503,24681,5404,3745
Mahoning,Chlaydia,2023,1505,669.1,227700,113623,114076,93063,81365,22592,24779,5426,3760
Mahoning,Chlaydia,2024,1513,672.7,228600,114072,114527,93431,81687,22682,24877,5447,3775
Mahoning,Gonorrhoea,2020,683,303.6,225000,112276,112724,91960,80401,22325,24486,5362,3716
Mahoning,Gonorrhoea,2021,436,194.2,225900,112725,113174,92327,80722,22414,24583,5383,3730
Mahoning,Gonorrhoea,2022,451,200.5,226800,113174,113625,92695,81044,22503,24681,5404,3745
Mahoning,Gonorrhoea,2023,589,261.8,227700,113623,114076,93063,81365,22592,24779,5426,3760
Mahoning,Gonorrhoea,2024,636,283.0,228600,114072,114527,93431,81687,22682,24877,5447,3775
Mahoning,Syphillis,2020,71,31.7,225000,112276,112724,91960,80401,22325,24486,5362,3716
Mahoning,Syphillis,2021,64,28.5,225900,112725,113174,92327,80722,22414,24583,5383,3730
Mahoning,Syphillis,2022,63,28.1,226800,113174,113625,92695,81044,22503,24681,5404,3745
Mahoning,Syphillis,2023,52,23.3,227700,113623,114076,93063,81365,22592,24779,5426,3760
Mahoning,Syphillis,2024,51,22.8,228600,114072,114527,93431,81687,22682,24877,5447,3775
Marion,Chlaydia,2020,325,371.2,87742,42885,44857,38276,38954,1134,6820,2538,3808
Marion,Chlaydia,2021,435,496.6,88092,43056,45036,38429,39109,1138,6847,2548,3823
Marion,Chlaydia,2022,570,650.7,88443,43228,45215,38582,39265,1143,6874,2558,3838
Marion,Chlaydia,2023,312,355.6,88794,43399,45395,38735,39421,1147,6901,2568,3853
Marion,Chlaydia,2024,467,532.9,89145,43571,45574,38888,39577,1152,6929,2578,3868
Marion,Gonorrhoea,2020,202,231.3,87742,42885,44857,38276,38954,1134,6820,2538,3808
Marion,Gonorrhoea,2021,221,252.7,88092,43056,45036,38429,39109,1138,6847,2548,3823
Marion,Gonorrhoea,2022,213,243.6,88443,43228,45215,38582,39265,1143,6874,2558,3838
Marion,Gonorrhoea,2023,194,221.3,88794,43399,45395,38735,39421,1147,6901,2568,3853
Marion,Gonorrhoea,2024,240,273.7,89145,43571,45574,38888,39577,1152,6929,2578,3868
Marion,Syphillis,2020,24,28.2,87742,42885,44857,38276,38954,1134,6820,2538,3808
Marion,Syphillis,2021,21,24.6,88092,43056,45036,38429,39109,1138,6847,2548,3823
Marion,Syphillis,2022,17,20.2,88443,43228,45215,38582,39265,1143,6874,2558,3838
Marion,Syphillis,2023,22,25.7,88794,43399,45395,38735,39421,1147,6901,2568,3853
Marion,Syphillis,2024,18,21.2,89145,43571,45574,38888,39577,1152,6929,2578,3868
Medina,Chlaydia,2020,415,400.5,103861,51782,52079,42579,36992,4602,7742,2096,2705
Medina,Chlaydia,2021,476,459.2,104276,51989,52287,42749,37139,4620,7772,2104,2715
Medina,Chlaydia,2022,388,373.8,104691,52196,52495,42919,37287,4638,7803,2112,2726
Medina,Chlaydia,2023,424,408.7,105107,52403,52703,43089,37435,4657,7834,2121,2737
Medina,Chlaydia,2024,363,349.9,105522,52610,52912,43260,37583,4675,7865,2129,2748
Medina,Gonorrhoea,2020,177,171.1,103861,51782,52079,42579,36992,4602,7742,2096,2705
Medina,Gonorrhoea,2021,177,171.1,104276,51989,52287,42749,37139,4620,7772,2104,2715
Medina,Gonorrhoea,2022,165,159.5,104691,52196,52495,42919,37287,4638,7803,2112,2726
Medina,Gonorrhoea,2023,168,162.7,105107,52403,52703,43089,37435,4657,7834,2121,2737
Medina,Gonorrhoea,2024,193,186.5,105522,52610,52912,43260,37583,4675,7865,2129,2748
Medina,Syphillis,2020,15,15.2,103861,51782,52079,42579,36992,4602,7742,2096,2705
Medina,Syphillis,2021,23,22.3,104276,51989,52287,42749,37139,4620,7772,2104,2715
Medina,Syphillis,2022,15,14.7,104691,52196,52495,42919,37287,4638,7803,2112,2726
Medina,Syphillis,2023,25,24.7,105107,52403,52703,43089,37435,4657,7834,2121,2737
Medina,Syphillis,2024,20,19.4,105522,52610,52912,43260,37583,4675,7865,2129,2748
Meigs,Chlaydia,2020,285,583.4,48916,23928,24988,21524,19158,4828,1558,603,1732
Meigs,Chlaydia,2021,264,541.5,49111,24023,25087,21610,19234,4847,1564,605,1738
Meigs,Chlaydia,2022,195,398.7,49307,24119,25187,21696,19311,4866,1570,607,1745
Meigs,Chlaydia,2023,198,405.1,49502,24215,25287,21782,19387,4885,1576,610,1752
Meigs,Chlaydia,2024,260,533.3,49698,24310,25387,21868,19464,4905,1582,612,1759
Meigs,Gonorrhoea,2020,82,169.4,48916,23928,24988,21524,19158,4828,1558,603,1732
Meigs,Gonorrhoea,2021,92,190.1,49111,24023,25087,21610,19234,4847,1564,605,1738
Meigs,Gonorrhoea,2022,111,227.4,49307,24119,25187,21696,19311,4866,1570,607,1745
Meigs,Gonorrhoea,2023,90,184.1,49502,24215,25287,21782,19387,4885,1576,610,1752
Meigs,Gonorrhoea,2024,76,156.5,49698,24310,25387,21868,19464,4905,1582,612,1759
Meigs,Syphillis,2020,12,26.1,48916,23928,24988,21524,19158,4828,1558,603,1732
Meigs,Syphillis,2021,7,15.8,49111,24023,25087,21610,19234,4847,1564,605,1738
Meigs,Syphillis,2022,11,23.4,49307,24119,25187,21696,19311,4866,1570,607,1745
Meigs,Syphillis,2023,10,20.7,49502,24215,25287,21782,19387,4885,1576,610,1752
Meigs,Syphillis,2024,8,17.1,49698,24310,25387,21868,19464,4905,1582,612,1759
Mercer,Chlaydia,2020,401,450.8,89024,44191,44833,33322,36814,9222,3923,3140,2200
Mercer,Chlaydia,2021,387,435.8,89380,44367,45012,33455,36961,9258,3938,3152,2208
Mercer,Chlaydia,2022,407,458.0,89736,44544,45191,33588,37108,9295,3954,3165,2217
Mercer,Chlaydia,2023,486,546.5,90092,44721,45370,33721,37255,9332,3970,3177,2226
Mercer,Chlaydia,2024,647,727.4,90448,44898,45550,33855,37403,9369,3985,3190,2235
Mercer,Gonorrhoea,2020,195,219.9,89024,44191,44833,33322,36814,9222,3923,3140,2200
Mercer,Gonorrhoea,2021,189,212.5,89380,44367,45012,33455,36961,9258,3938,3152,2208
Mercer,Gonorrhoea,2022,108,122.0,89736,44544,45191,33588,37108,9295,3954,3165,2217
Mercer,Gonorrhoea,2023,166,186.6,90092,44721,45370,33721,37255,9332,3970,3177,2226
Mercer,Gonorrhoea,2024,116,130.7,90448,44898,45550,33855,37403,9369,3985,3190,2235
Mercer,Syphillis,2020,18,20.6,89024,44191,44833,33322,36814,9222,3923,3140,2200
Mercer,Syphillis,2021,19,22.3,89380,44367,45012,33455,36961,9258,3938,3152,2208
Mercer,Syphillis,2022,26,29.3,89736,44544,45191,33588,37108,9295,3954,3165,2217
Mercer,Syphillis,2023,14,16.3,90092,44721,45370,33721,37255,9332,3970,3177,2226
Mercer,Syphillis,2024,19,21.5,90448,44898,45550,33855,37403,9369,3985,3190,2235
Miami,Chlaydia,2020,349,642.3,54476,26439,28037,22707,22930,2044,3376,1740,1246
Miami,Chlaydia,2021,240,441.2,54693,26544,28149,22797,23021,2052,3389,1746,1250
Miami,Chlaydia,2022,250,459.8,54911,26650,28261,22888,23113,2060,3403,1753,1255
Miami,Chlaydia,2023,331,607.9,55129,26756,28373,22979,23205,2068,3416,1760,1260
Miami,Chlaydia,2024,324,595.1,55347,26862,28485,23070,23296,2076,3430,1767,1265
Miami,Gonorrhoea,2020,93,172.0,54476,26439,28037,22707,22930,2044,3376,1740,1246
Miami,Gonorrhoea,2021,100,184.7,54693,26544,28149,22797,23021,2052,3389,1746,1250
Miami,Gonorrhoea,2022,90,165.7,54911,26650,28261,22888,23113,2060,3403,1753,1255
Miami,Gonorrhoea,2023,142,260.9,55129,26756,28373,22979,23205,2068,3416,1760,1260
Miami,Gonorrhoea,2024,93,170.9,55347,26862,28485,23070,23296,2076,3430,1767,1265
Miami,Syphillis,2020,12,23.2,54476,26439,28037,22707,22930,2044,3376,1740,1246
Miami,Syphillis,2021,14,27.1,54693,26544,28149,22797,23021,2052,3389,1746,1250
Miami,Syphillis,2022,14,27.1,54911,26650,28261,22888,23113,2060,3403,1753,1255
Miami,Syphillis,2023,12,22.9,55129,26756,28373,22979,23205,2068,3416,1760,1260
Miami,Syphillis,2024,20,37.2,55347,26862,28485,23070,23296,2076,3430,1767,1265
Monroe,Chlaydia,2020,564,442.6,127647,64193,63454,57915,47625,12854,10054,3552,2010
Monroe,Chlaydia,2021,725,568.7,128157,64449,63707,58146,47815,12905,10094,3566,2018
Monroe,Chlaydia,2022,765,599.9,128668,64706,63961,58378,48006,12956,10134,3580,2026
Monroe,Chlaydia,2023,490,384.2,129178,64963,64215,58609,48196,13008,10174,3594,2034
Monroe,Chlaydia,2024,723,566.5,129689,65220,64469,58841,48387,13059,10214,3608,2042
Monroe,Gonorrhoea,2020,323,253.7,127647,64193,63454,57915,47625,12854,10054,3552,2010
Monroe,Gonorrhoea,2021,266,208.9,128157,64449,63707,58146,47815,12905,10094,3566,2018
Monroe,Gonorrhoea,2022,324,254.4,128668,64706,63961,58378,48006,12956,10134,3580,2026
Monroe,Gonorrhoea,2023,288,225.9,129178,64963,64215,58609,48196,13008,10174,3594,2034
Monroe,Gonorrhoea,2024,299,235.0,129689,65220,64469,58841,48387,13059,10214,3608,2042
Monroe,Syphillis,2020,33,26.0,127647,64193,63454,57915,47625,12854,10054,3552,2010
Monroe,Syphillis,2021,33,26.2,128157,64449,63707,58146,47815,12905,10094,3566,2018
Monroe,Syphillis,2022,22,17.8,128668,64706,63961,58378,48006,12956,10134,3580,2026
Monroe,Syphillis,2023,21,16.9,129178,64963,64215,58609,48196,13008,10174,3594,2034
Monroe,Syphillis,2024,34,27.4,129689,65220,64469,58841,48387,13059,10214,3608,2042
Montgomery,Chlaydia,2020,2970,555.2,535000,265848,269152,242762,207732,39033,47561,12240,7603
Montgomery,Chlaydia,2021,3330,622.5,537140,266911,270228,243733,208562,39189,47751,12288,7633
Montgomery,Chlaydia,2022,3765,703.9,539280,267974,271305,244704,209393,39345,47941,12337,7663
Montgomery,Chlaydia,2023,2693,503.5,541420,269038,272381,245675,210224,39501,48131,12386,7694
Montgomery,Chlaydia,2024,2504,468.2,543560,270101,273458,246646,211055,39657,48321,12435,7724
Montgomery,Gonorrhoea,2020,1487,278.0,535000,265848,269152,242762,207732,39033,47561,12240,7603
Montgomery,Gonorrhoea,2021,1167,218.2,537140,266911,270228,243733,208562,39189,47751,12288,7633
Montgomery,Gonorrhoea,2022,964,180.2,539280,267974,271305,244704,209393,39345,47941,12337,7663
Montgomery,Gonorrhoea,2023,1430,267.4,541420,269038,272381,245675,210224,39501,48131,12386,7694
Montgomery,Gonorrhoea,2024,1116,208.7,543560,270101,273458,246646,211055,39657,48321,12435,7724
Montgomery,Syphillis,2020,141,26.4,535000,265848,269152,242762,207732,39033,47561,12240,7603
Montgomery,Syphillis,2021,151,28.3,537140,266911,270228,243733,208562,39189,47751,12288,7633
Montgomery,Syphillis,2022,106,19.9,539280,267974,271305,244704,209393,39345,47941,12337,7663
Montgomery,Syphillis,2023,164,30.8,541420,269038,272381,245675,210224,39501,48131,12386,7694
Montgomery,Syphillis,2024,208,38.9,543560,270101,273458,246646,211055,39657,48321,12435,7724
Morgan,Chlaydia,2020,486,331.2,146858,71262,75596,56370,65875,11756,9971,6372,2223
Morgan,Chlaydia,2021,519,353.6,147445,71547,75898,56595,66138,11803,10010,6397,2231
Morgan,Chlaydia,2022,469,319.4,148032,71832,76200,56820,66402,11850,10050,6422,2240
Morgan,Chlaydia,2023,525,357.8,148620,72117,76503,57046,66665,11897,10090,6448,2249
Morgan,Chlaydia,2024,646,439.9,149207,72402,76805,57271,66929,11944,10130,6473,2258
Morgan,Gonorrhoea,2020,271,185.2,146858,71262,75596,56370,65875,11756,9971,6372,2223
Morgan,Gonorrhoea,2021,260,177.5,147445,71547,75898,56595,66138,11803,10010,6397,2231
Morgan,Gonorrhoea,2022,191,130.6,148032,71832,76200,56820,66402,11850,10050,6422,2240
Morgan,Gonorrhoea,2023,205,139.8,148620,72117,76503,57046,66665,11897,10090,6448,2249
Morgan,Gonorrhoea,2024,263,179.5,149207,72402,76805,57271,66929,11944,10130,6473,2258
Morgan,Syphillis,2020,26,18.3,146858,71262,75596,56370,65875,11756,9971,6372,2223
Morgan,Syphillis,2021,33,22.8,147445,71547,75898,56595,66138,11803,10010,6397,2231
Morgan,Syphillis,2022,30,21.1,148032,71832,76200,56820,66402,11850,10050,6422,2240
Morgan,Syphillis,2023,29,19.9,148620,72117,76503,57046,66665,11897,10090,6448,2249
Morgan,Syphillis,2024,30,21.1,149207,72402,76805,57271,66929,11944,10130,6473,2258
Morrow,Chlaydia,2020,530,429.0,123638,60403,63235,47574,48704,10085,9269,5280,4588
Morrow,Chlaydia,2021,571,462.5,124132,60644,63487,47764,48898,10125,9306,5301,4606
Morrow,Chlaydia,2022,573,464.0,124627,60886,63740,47954,49093,10165,9343,5322,4624
Morrow,Chlaydia,2023,503,407.4,125121,61127,63993,48144,49288,10206,9380,5343,4643
Morrow,Chlaydia,2024,457,370.2,125616,61369,64246,48335,49483,10246,9417,5364,4661
Morrow,Gonorrhoea,2020,147,119.7,123638,60403,63235,47574,48704,10085,9269,5280,4588
Morrow,Gonorrhoea,2021,223,181.0,124132,60644,63487,47764,48898,10125,9306,5301,4606
Morrow,Gonorrhoea,2022,206,166.9,124627,60886,63740,47954,49093,10165,9343,5322,4624
Morrow,Gonorrhoea,2023,222,180.0,125121,61127,63993,48144,49288,10206,9380,5343,4643
Morrow,Gonorrhoea,2024,147,118.9,125616,61369,64246,48335,49483,10246,9417,5364,4661
Morrow,Syphillis,2020,16,13.3,123638,60403,63235,47574,48704,10085,9269,5280,4588
Morrow,Syphillis,2021,19,15.7,124132,60644,63487,47764,48898,10125,9306,5301,4606
Morrow,Syphillis,2022,22,18.1,124627,60886,63740,47954,49093,10165,9343,5322,4624
Morrow,Syphillis,2023,22,18.3,125121,61127,63993,48144,49288,10206,9380,5343,4643
Morrow,Syphillis,2024,30,24.9,125616,61369,64246,48335,49483,10246,9417,5364,4661
Muskingum,Chlaydia,2020,243,345.3,70638,34850,35788,24676,32676,5587,6529,2004,2975
Muskingum,Chlaydia,2021,233,330.5,70920,34989,35931,24774,32806,5609,6555,2012,2986
Muskingum,Chlaydia,2022,251,355.7,71203,35128,36074,24873,32937,5631,6581,2020,2998
Muskingum,Chlaydia,2023,308,436.3,71485,35268,36217,24972,33068,5654,6607,2028,3010
Muskingum,Chlaydia,2024,261,369.9,71768,35407,36360,25070,33198,5676,6633,2036,3022
Muskingum,Gonorrhoea,2020,66,94.4,70638,34850,35788,24676,32676,5587,6529,2004,2975
Muskingum,Gonorrhoea,2021,99,141.4,70920,34989,35931,24774,32806,5609,6555,2012,2986
Muskingum,Gonorrhoea,2022,101,144.0,71203,35128,36074,24873,32937,5631,6581,2020,2998
Muskingum,Gonorrhoea,2023,78,111.5,71485,35268,36217,24972,33068,5654,6607,2028,3010
Muskingum,Gonorrhoea,2024,101,144.2,71768,35407,36360,25070,33198,5676,6633,2036,3022
Muskingum,Syphillis,2020,8,11.4,70638,34850,35788,24676,32676,5587,6529,2004,2975
Muskingum,Syphillis,2021,10,15.1,70920,34989,35931,24774,32806,5609,6555,2012,2986
Muskingum,Syphillis,2022,12,17.9,71203,35128,36074,24873,32937,5631,6581,2020,2998
Muskingum,Syphillis,2023,11,16.1,71485,35268,36217,24972,33068,5654,6607,2028,3010
Muskingum,Syphillis,2024,10,15.0,71768,35407,36360,25070,33198,5676,6633,2036,3022
Noble,Chlaydia,2020,428,342.6,125040,61502,63538,53662,51760,5514,2511,4167,2935
Noble,Chlaydia,2021,334,267.8,125540,61748,63792,53876,51967,5536,2521,4183,2946
Noble,Chlaydia,2022,430,344.4,126040,61994,64046,54091,52174,5558,2531,4200,2958
Noble,Chlaydia,2023,505,404.1,126540,62240,64300,54305,52381,5580,2541,4217,2970
Noble,Chlaydia,2024,417,334.2,127040,62486,64554,54520,52588,5602,2551,4233,2981
Noble,Gonorrhoea,2020,143,115.1,125040,61502,63538,53662,51760,5514,2511,4167,2935
Noble,Gonorrhoea,2021,179,143.5,125540,61748,63792,53876,51967,5536,2521,4183,2946
Noble,Gonorrhoea,2022,128,102.9,126040,61994,64046,54091,52174,5558,2531,4200,2958
Noble,Gonorrhoea,2023,153,122.7,126540,62240,64300,54305,52381,5580,2541,4217,2970
Noble,Gonorrhoea,2024,212,169.6,127040,62486,64554,54520,52588,5602,2551,4233,2981
Noble,Syphillis,2020,16,13.3,125040,61502,63538,53662,51760,5514,2511,4167,2935
Noble,Syphillis,2021,14,11.2,125540,61748,63792,53876,51967,5536,2521,4183,2946
Noble,Syphillis,2022,19,15.5,126040,61994,64046,54091,52174,5558,2531,4200,2958
Noble,Syphillis,2023,20,16.4,126540,62240,64300,54305,52381,5580,2541,4217,2970
Noble,Syphillis,2024,20,16.6,127040,62486,64554,54520,52588,5602,2551,4233,2981
Ottawa,Chlaydia,2020,354,293.0,121132,59635,61497,44330,44589,9192,7250,5204,2156
Ottawa,Chlaydia,2021,450,372.3,121616,59873,61742,44507,44767,9228,7279,5224,2164
Ottawa,Chlaydia,2022,495,408.8,122101,60112,61988,44684,44945,9265,7308,5245,2173
Ottawa,Chlaydia,2023,650,537.2,122585,60350,62234,44861,45124,9302,7337,5266,2181
Ottawa,Chlaydia,2024,556,459.5,123070,60589,62480,45039,45302,9339,7366,5287,2190
Ottawa,Gonorrhoea,2020,154,127.2,121132,59635,61497,44330,44589,9192,7250,5204,2156
Ottawa,Gonorrhoea,2021,165,136.7,121616,59873,61742,44507,44767,9228,7279,5224,2164
Ottawa,Gonorrhoea,2022,164,136.0,122101,60112,61988,44684,44945,9265,7308,5245,2173
Ottawa,Gonorrhoea,2023,204,168.9,122585,60350,62234,44861,45124,9302,7337,5266,2181
Ottawa,Gonorrhoea,2024,187,154.5,123070,60589,62480,45039,45302,9339,7366,5287,2190
Ottawa,Syphillis,2020,26,21.9,121132,59635,61497,44330,44589,9192,7250,5204,2156
Ottawa,Syphillis,2021,17,14.8,121616,59873,61742,44507,44767,9228,7279,5224,2164
Ottawa,Syphillis,2022,17,14.8,122101,60112,61988,44684,44945,9265,7308,5245,2173
Ottawa,Syphillis,2023,24,20.2,122585,60350,62234,44861,45124,9302,7337,5266,2181
Ottawa,Syphillis,2024,28,23.5,123070,60589,62480,45039,45302,9339,7366,5287,2190
Paulding,Chlaydia,2020,325,392.3,82921,41795,41126,33712,30553,4045,5441,2601,1757
Paulding,Chlaydia,2021,344,415.6,83252,41962,41290,33846,30675,4061,5462,2611,1764
Paulding,Chlaydia,2022,303,366.1,83584,42129,41455,33981,30797,4077,5484,2621,1771
Paulding,Chlaydia,2023,258,311.5,83916,42296,41619,34116,30919,4093,5506,2632,1778
Paulding,Chlaydia,2024,387,466.8,84247,42463,41784,34251,31041,4109,5528,2642,1785
Paulding,Gonorrhoea,2020,155,187.0,82921,41795,41126,33712,30553,4045,5441,2601,1757
Paulding,Gonorrhoea,2021,136,164.1,83252,41962,41290,33846,30675,4061,5462,2611,1764
Paulding,Gonorrhoea,2022,119,144.3,83584,42129,41455,33981,30797,4077,5484,2621,1771
Paulding,Gonorrhoea,2023,182,219.8,83916,42296,41619,34116,30919,4093,5506,2632,1778
Paulding,Gonorrhoea,2024,165,199.4,84247,42463,41784,34251,31041,4109,5528,2642,1785
Paulding,Syphillis,2020,14,18.0,82921,41795,41126,33712,30553,4045,5441,2601,1757
Paulding,Syphillis,2021,14,17.6,83252,41962,41290,33846,30675,4061,5462,2611,1764
Paulding,Syphillis,2022,18,21.8,83584,42129,41455,33981,30797,4077,5484,2621,1771
Paulding,Syphillis,2023,18,22.3,83916,42296,41619,34116,30919,4093,5506,2632,1778
Paulding,Syphillis,2024,11,14.2,84247,42463,41784,34251,31041,4109,5528,2642,1785
Perry,Chlaydia,2020,473,483.4,97986,49212,48774,35390,43426,2139,8895,1318,3365
Perry,Chlaydia,2021,479,489.1,98377,49408,48969,35531,43599,2147,8930,1323,3378
Perry,Chlaydia,2022,570,582.5,98769,49605,49164,35673,43773,2156,8966,1328,3391
Perry,Chlaydia,2023,521,532.7,99161,49802,49359,35814,43947,2164,9001,1333,3405
Perry,Chlaydia,2024,503,514.1,99553,49999,49554,35956,44120,2173,9037,1339,3418
Perry,Gonorrhoea,2020,226,231.0,97986,49212,48774,35390,43426,2139,8895,1318,3365
Perry,Gonorrhoea,2021,182,186.6,98377,49408,48969,35531,43599,2147,8930,1323,3378
Perry,Gonorrhoea,2022,197,201.2,98769,49605,49164,35673,43773,2156,8966,1328,3391
Perry,Gonorrhoea,2023,241,246.1,99161,49802,49359,35814,43947,2164,9001,1333,3405
Perry,Gonorrhoea,2024,187,191.7,99553,49999,49554,35956,44120,2173,9037,1339,3418
Perry,Syphillis,2020,14,15.3,97986,49212,48774,35390,43426,2139,8895,1318,3365
Perry,Syphillis,2021,22,22.6,98377,49408,48969,35531,43599,2147,8930,1323,3378
Perry,Syphillis,2022,16,17.3,98769,49605,49164,35673,43773,2156,8966,1328,3391
Perry,Syphillis,2023,17,17.6,99161,49802,49359,35814,43947,2164,9001,1333,3405
Perry,Syphillis,2024,23,24.3,99553,49999,49554,35956,44120,2173,9037,1339,3418
Pickaway,Chlaydia,2020,253,543.4,46717,23024,23693,16836,19881,3351,2251,369,1743
Pickaway,Chlaydia,2021,279,598.4,46903,23116,23787,16903,19960,3364,2260,370,1749
Pickaway,Chlaydia,2022,223,479.4,47090,23208,23882,16970,20040,3377,2269,371,1756
Pickaway,Chlaydia,2023,287,615.9,47277,23300,23977,17038,20119,3391,2278,373,1763
Pickaway,Chlaydia,2024,197,423.3,47464,23392,24072,17105,20199,3404,2287,374,1770
Pickaway,Gonorrhoea,2020,94,202.2,46717,23024,23693,16836,19881,3351,2251,369,1743
Pickaway,Gonorrhoea,2021,109,233.7,46903,23116,23787,16903,19960,3364,2260,370,1749
Pickaway,Gonorrhoea,2022,88,190.2,47090,23208,23882,16970,20040,3377,2269,371,1756
Pickaway,Gonorrhoea,2023,122,261.8,47277,23300,23977,17038,20119,3391,2278,373,1763
Pickaway,Gonorrhoea,2024,82,176.9,47464,23392,24072,17105,20199,3404,2287,374,1770
Pickaway,Syphillis,2020,10,22.3,46717,23024,23693,16836,19881,3351,2251,369,1743
Pickaway,Syphillis,2021,12,25.8,46903,23116,23787,16903,19960,3364,2260,370,1749
Pickaway,Syphillis,2022,13,29.0,47090,23208,23882,16970,20040,3377,2269,371,1756
Pickaway,Syphillis,2023,8,17.6,47277,23300,23977,17038,20119,3391,2278,373,1763
Pickaway,Syphillis,2024,13,28.8,47464,23392,24072,17105,20199,3404,2287,374,1770
Pike,Chlaydia,2020,325,446.1,72862,35361,37501,31983,27554,3935,8189,1563,3362
Pike,Chlaydia,2021,474,650.9,73153,35502,37651,32110,27664,3950,8221,1569,3375
Pike,Chlaydia,2022,323,443.8,73444,35643,37801,32238,27774,3966,8254,1575,3388
Pike,Chlaydia,2023,377,518.5,73736,35785,37951,32366,27884,3982,8287,1581,3402
Pike,Chlaydia,2024,300,412.2,74027,35926,38101,32494,27994,3997,8320,1588,3415
Pike,Gonorrhoea,2020,165,227.6,72862,35361,37501,31983,27554,3935,8189,1563,3362
Pike,Gonorrhoea,2021,145,199.2,73153,35502,37651,32110,27664,3950,8221,1569,3375
Pike,Gonorrhoea,2022,105,145.1,73444,35643,37801,32238,27774,3966,8254,1575,3388
Pike,Gonorrhoea,2023,105,144.8,73736,35785,37951,32366,27884,3982,8287,1581,3402
Pike,Gonorrhoea,2024,161,221.7,74027,35926,38101,32494,27994,3997,8320,1588,3415
Pike,Syphillis,2020,11,16.4,72862,35361,37501,31983,27554,3935,8189,1563,3362
Pike,Syphillis,2021,13,17.9,73153,35502,37651,32110,27664,3950,8221,1569,3375
Pike,Syphillis,2022,20,28.4,73444,35643,37801,32238,27774,3966,8254,1575,3388
Pike,Syphillis,2023,14,20.2,73736,35785,37951,32366,27884,3982,8287,1581,3402
Pike,Syphillis,2024,18,25.1,74027,35926,38101,32494,27994,3997,8320,1588,3415
Portage,Chlaydia,2020,785,467.6,168021,81836,86185,63902,66003,7900,15743,6543,5285
Portage,Chlaydia,2021,619,368.7,168693,82163,86529,64157,66267,7931,15805,6569,5306
Portage,Chlaydia,2022,628,374.1,169365,82490,86874,64413,66531,7963,15868,6595,5327
Portage,Chlaydia,2023,1053,627.2,170037,82818,87219,64668,66795,7994,15931,6621,5348
Portage,Chlaydia,2024,805,479.2,170709,83145,87563,64924,67059,8026,15994,6647,5369
Portage,Gonorrhoea,2020,370,220.8,168021,81836,86185,63902,66003,7900,15743,6543,5285
Portage,Gonorrhoea,2021,227,135.6,168693,82163,86529,64157,66267,7931,15805,6569,5306
Portage,Gonorrhoea,2022,292,174.0,169365,82490,86874,64413,66531,7963,15868,6595,5327
Portage,Gonorrhoea,2023,361,214.9,170037,82818,87219,64668,66795,7994,15931,6621,5348
Portage,Gonorrhoea,2024,315,187.8,170709,83145,87563,64924,67059,8026,15994,6647,5369
Portage,Syphillis,2020,36,21.9,168021,81836,86185,63902,66003,7900,15743,6543,5285
Portage,Syphillis,2021,31,18.6,168693,82163,86529,64157,66267,7931,15805,6569,5306
Portage,Syphillis,2022,27,16.4,169365,82490,86874,64413,66531,7963,15868,6595,5327
Portage,Syphillis,2023,48,28.8,170037,82818,87219,64668,66795,7994,15931,6621,5348
Portage,Syphillis,2024,35,21.0,170709,83145,87563,64924,67059,8026,15994,6647,5369
Preble,Chlaydia,2020,236,256.8,92175,45052,47123,35419,39684,7963,8423,1313,1925
Preble,Chlaydia,2021,236,256.8,92543,45232,47311,35560,39842,7994,8456,1318,1932
Preble,Chlaydia,2022,285,309.3,92912,45412,47499,35702,40001,8026,8490,1323,1940
Preble,Chlaydia,2023,389,422.2,93281,45592,47688,35844,40160,8058,8524,1328,1948
Preble,Chlaydia,2024,338,366.7,93649,45772,47876,35985,40318,8090,8557,1334,1955
Preble,Gonorrhoea,2020,123,134.5,92175,45052,47123,35419,39684,7963,8423,1313,1925
Preble,Gonorrhoea,2021,99,107.8,92543,45232,47311,35560,39842,7994,8456,1318,1932
Preble,Gonorrhoea,2022,93,101.4,92912,45412,47499,35702,40001,8026,8490,1323,1940
Preble,Gonorrhoea,2023,153,166.2,93281,45592,47688,35844,40160,8058,8524,1328,1948
Preble,Gonorrhoea,2024,144,157.0,93649,45772,47876,35985,40318,8090,8557,1334,1955
Preble,Syphillis,2020,16,17.9,92175,45052,47123,35419,39684,7963,8423,1313,1925
Preble,Syphillis,2021,14,15.7,92543,45232,47311,35560,39842,7994,8456,1318,1932
Preble,Syphillis,2022,16,17.4,92912,45412,47499,35702,40001,8026,8490,1323,1940
Preble,Syphillis,2023,12,13.2,93281,45592,47688,35844,40160,8058,8524,1328,1948
Preble,Syphillis,2024,9,10.8,93649,45772,47876,35985,40318,8090,8557,1334,1955
Putnam,Chlaydia,2020,301,425.8,70834,35659,35175,32604,25824,3043,4829,2533,2180
Putnam,Chlaydia,2021,278,393.8,71117,35801,35315,32734,25927,3055,4848,2543,2188
Putnam,Chlaydia,2022,386,546.2,71400,35944,35456,32864,26030,3067,4867,2553,2197
Putnam,Chlaydia,2023,314,444.5,71684,36086,35597,32995,26133,3079,4886,2563,2206
Putnam,Chlaydia,2024,310,437.7,71967,36229,35737,33125,26237,3091,4906,2573,2214
Putnam,Gonorrhoea,2020,99,141.0,70834,35659,35175,32604,25824,3043,4829,2533,2180
Putnam,Gonorrhoea,2021,94,133.0,71117,35801,35315,32734,25927,3055,4848,2543,2188
Putnam,Gonorrhoea,2022,116,164.6,71400,35944,35456,32864,26030,3067,4867,2553,2197
Putnam,Gonorrhoea,2023,125,177.5,71684,36086,35597,32995,26133,3079,4886,2563,2206
Putnam,Gonorrhoea,2024,124,176.2,71967,36229,35737,33125,26237,3091,4906,2573,2214
Putnam,Syphillis,2020,16,23.3,70834,35659,35175,32604,25824,3043,4829,2533,2180
Putnam,Syphillis,2021,17,24.2,71117,35801,35315,32734,25927,3055,4848,2543,2188
Putnam,Syphillis,2022,17,24.2,71400,35944,35456,32864,26030,3067,4867,2553,2197
Putnam,Syphillis,2023,13,19.4,71684,36086,35597,32995,26133,3079,4886,2563,2206
Putnam,Syphillis,2024,13,18.6,71967,36229,35737,33125,26237,3091,4906,2573,2214
Richland,Chlaydia,2020,600,402.8,149178,75260,73918,63072,59810,9193,2297,5926,1726
Richland,Chlaydia,2021,385,258.3,149774,75561,74213,63324,60049,9229,2306,5949,1732
Richland,Chlaydia,2022,365,245.3,150371,75862,74509,63576,60288,9266,2315,5973,1739
Richland,Chlaydia,2023,392,263.1,150968,76163,74805,63828,60527,9303,2324,5997,1746
Richland,Chlaydia,2024,400,268.2,151564,76464,75100,64081,60766,9340,2333,6020,1753
Richland,Gonorrhoea,2020,155,104.1,149178,75260,73918,63072,59810,9193,2297,5926,1726
Richland,Gonorrhoea,2021,146,98.2,149774,75561,74213,63324,60049,9229,2306,5949,1732
Richland,Gonorrhoea,2022,235,157.8,150371,75862,74509,63576,60288,9266,2315,5973,1739
Richland,Gonorrhoea,2023,174,117.0,150968,76163,74805,63828,60527,9303,2324,5997,1746
Richland,Gonorrhoea,2024,233,156.2,151564,76464,75100,64081,60766,9340,2333,6020,1753
Richland,Syphillis,2020,26,17.9,149178,75260,73918,63072,59810,9193,2297,5926,1726
Richland,Syphillis,2021,17,11.8,149774,75561,74213,63324,60049,9229,2306,5949,1732
Richland,Syphillis,2022,17,11.6,150371,75862,74509,63576,60288,9266,2315,5973,1739
Richland,Syphillis,2023,21,14.6,150968,76163,74805,63828,60527,9303,2324,5997,1746
Richland,Syphillis,2024,18,12.6,151564,76464,75100,64081,60766,9340,2333,6020,1753
Ross,Chlaydia,2020,521,409.4,127471,64059,63412,57046,55179,5261,2363,2981,2505
Ross,Chlaydia,2021,416,327.0,127980,64315,63665,57274,55399,5282,2372,2992,2515
Ross,Chlaydia,2022,660,518.3,128490,64571,63919,57502,55620,5303,2381,3004,2525
Ross,Chlaydia,2023,582,456.7,129000,64827,64172,57730,55841,5324,2391,3016,2535
Ross,Chlaydia,2024,578,453.9,129510,65083,64426,57958,56061,5345,2400,3028,2545
Ross,Gonorrhoea,2020,227,178.5,127471,64059,63412,57046,55179,5261,2363,2981,2505
Ross,Gonorrhoea,2021,179,141.2,127980,64315,63665,57274,55399,5282,2372,2992,2515
Ross,Gonorrhoea,2022,212,166.8,128490,64571,63919,57502,55620,5303,2381,3004,2525
Ross,Gonorrhoea,2023,148,116.5,129000,64827,64172,57730,55841,5324,2391,3016,2535
Ross,Gonorrhoea,2024,192,151.3,129510,65083,64426,57958,56061,5345,2400,3028,2545
Ross,Syphillis,2020,18,14.5,127471,64059,63412,57046,55179,5261,2363,2981,2505
Ross,Syphillis,2021,26,20.9,127980,64315,63665,57274,55399,5282,2372,2992,2515
Ross,Syphillis,2022,27,21.3,128490,64571,63919,57502,55620,5303,2381,3004,2525
Ross,Syphillis,2023,19,15.1,129000,64827,64172,57730,55841,5324,2391,3016,2535
Ross,Syphillis,2024,14,11.7,129510,65083,64426,57958,56061,5345,2400,3028,2545
Sandusky,Chlaydia,2020,378,383.4,98765,48358,50407,42845,39865,9628,5630,3376,2846
Sandusky,Chlaydia,2021,304,308.8,99160,48551,50608,43016,40024,9666,5652,3389,2857
Sandusky,Chlaydia,2022,333,337.5,99555,48744,50810,43187,40183,9705,5675,3403,2868
Sandusky,Chlaydia,2023,483,489.9,99950,48938,51011,43359,40343,9743,5697,3416,2880
Sandusky,Chlaydia,2024,458,464.7,100345,49131,51213,43530,40502,9782,5720,3430,2891
Sandusky,Gonorrhoea,2020,143,145.1,98765,48358,50407,42845,39865,9628,5630,3376,2846
Sandusky,Gonorrhoea,2021,135,137.6,99160,48551,50608,43016,40024,9666,5652,3389,2857
Sandusky,Gonorrhoea,2022,138,140.6,99555,48744,50810,43187,40183,9705,5675,3403,2868
Sandusky,Gonorrhoea,2023,136,138.6,99950,48938,51011,43359,40343,9743,5697,3416,2880
Sandusky,Gonorrhoea,2024,142,144.2,100345,49131,51213,43530,40502,9782,5720,3430,2891
Sandusky,Syphillis,2020,14,14.5,98765,48358,50407,42845,39865,9628,5630,3376,2846
Sandusky,Syphillis,2021,21,21.9,99160,48551,50608,43016,40024,9666,5652,3389,2857
Sandusky,Syphillis,2022,18,18.7,99555,48744,50810,43187,40183,9705,5675,3403,2868
Sandusky,Syphillis,2023,15,16.1,99950,48938,51011,43359,40343,9743,5697,3416,2880
Sandusky,Syphillis,2024,19,19.4,100345,49131,51213,43530,40502,9782,5720,3430,2891
Scioto,Chlaydia,2020,586,336.9,174001,86842,87159,72315,65134,16614,4328,5809,7623
Scioto,Chlaydia,2021,559,321.6,174697,87189,87507,72604,65394,16680,4345,5832,7653
Scioto,Chlaydia,2022,898,516.4,175393,87536,87856,72893,65655,16746,4362,5855,7683
Scioto,Chlaydia,2023,727,418.3,176089,87884,88204,73182,65915,16813,4379,5878,7714
Scioto,Chlaydia,2024,463,266.5,176785,88231,88553,73472,66176,16879,4397,5901,7744
Scioto,Gonorrhoea,2020,203,117.2,174001,86842,87159,72315,65134,16614,4328,5809,7623
Scioto,Gonorrhoea,2021,300,172.9,174697,87189,87507,72604,65394,16680,4345,5832,7653
Scioto,Gonorrhoea,2022,211,121.7,175393,87536,87856,72893,65655,16746,4362,5855,7683
Scioto,Gonorrhoea,2023,298,171.7,176089,87884,88204,73182,65915,16813,4379,5878,7714
Scioto,Gonorrhoea,2024,241,138.6,176785,88231,88553,73472,66176,16879,4397,5901,7744
Scioto,Syphillis,2020,38,22.0,174001,86842,87159,72315,65134,16614,4328,5809,7623
Scioto,Syphillis,2021,38,22.3,174697,87189,87507,72604,65394,16680,4345,5832,7653
Scioto,Syphillis,2022,32,18.6,175393,87536,87856,72893,65655,16746,4362,5855,7683
Scioto,Syphillis,2023,26,15.0,176089,87884,88204,73182,65915,16813,4379,5878,7714
Scioto,Syphillis,2024,42,24.7,176785,88231,88553,73472,66176,16879,4397,5901,7744
Seneca,Chlaydia,2020,296,346.6,85570,41711,43859,37844,31189,8543,4676,2834,2179
Seneca,Chlaydia,2021,295,345.6,85912,41877,44034,37995,31313,8577,4694,2845,2187
Seneca,Chlaydia,2022,261,305.9,86254,42044,44209,38146,31438,8611,4713,2856,2196
Seneca,Chlaydia,2023,374,437.3,86596,42211,44385,38298,31563,8645,4732,2868,2205
Seneca,Chlaydia,2024,361,422.5,86939,42378,44560,38449,31688,8679,4750,2879,2213
Seneca,Gonorrhoea,2020,127,148.5,85570,41711,43859,37844,31189,8543,4676,2834,2179
Seneca,Gonorrhoea,2021,116,136.7,85912,41877,44034,37995,31313,8577,4694,2845,2187
Seneca,Gonorrhoea,2022,141,165.8,86254,42044,44209,38146,31438,8611,4713,2856,2196
Seneca,Gonorrhoea,2023,122,143.7,86596,42211,44385,38298,31563,8645,4732,2868,2205
Seneca,Gonorrhoea,2024,163,191.0,86939,42378,44560,38449,31688,8679,4750,2879,2213
Seneca,Syphillis,2020,13,16.2,85570,41711,43859,37844,31189,8543,4676,2834,2179
Seneca,Syphillis,2021,15,17.8,85912,41877,44034,37995,31313,8577,4694,2845,2187
Seneca,Syphillis,2022,14,17.1,86254,42044,44209,38146,31438,8611,4713,2856,2196
Seneca,Syphillis,2023,14,16.5,86596,42211,44385,38298,31563,8645,4732,2868,2205
Seneca,Syphillis,2024,10,12.2,86939,42378,44560,38449,31688,8679,4750,2879,2213
Shelby,Chlaydia,2020,385,340.7,113008,56158,56850,39672,49934,4278,10331,2680,2194
Shelby,Chlaydia,2021,405,358.9,113460,56382,57077,39830,50133,4295,10372,2690,2202
Shelby,Chlaydia,2022,588,521.1,113912,56607,57304,39989,50333,4312,10413,2701,2211
Shelby,Chlaydia,2023,621,550.1,114364,56831,57532,40148,50533,4329,10454,2712,2220
Shelby,Chlaydia,2024,617,546.6,114816,57056,57759,40306,50732,4346,10496,2722,2229
Shelby,Gonorrhoea,2020,178,158.1,113008,56158,56850,39672,49934,4278,10331,2680,2194
Shelby,Gonorrhoea,2021,261,231.4,113460,56382,57077,39830,50133,4295,10372,2690,2202
Shelby,Gonorrhoea,2022,156,138.6,113912,56607,57304,39989,50333,4312,10413,2701,2211
Shelby,Gonorrhoea,2023,217,192.9,114364,56831,57532,40148,50533,4329,10454,2712,2220
Shelby,Gonorrhoea,2024,203,180.4,114816,57056,57759,40306,50732,4346,10496,2722,2229
Shelby,Syphillis,2020,20,17.9,113008,56158,56850,39672,49934,4278,10331,2680,2194
Shelby,Syphillis,2021,17,15.7,113460,56382,57077,39830,50133,4295,10372,2690,2202
Shelby,Syphillis,2022,29,26.2,113912,56607,57304,39989,50333,4312,10413,2701,2211
Shelby,Syphillis,2023,32,28.4,114364,56831,57532,40148,50533,4329,10454,2712,2220
Shelby,Syphillis,2024,19,17.0,114816,57056,57759,40306,50732,4346,10496,2722,2229
Stark,Chlaydia,2020,2035,542.7,375000,182159,192841,129762,160514,4369,22291,6655,11402
Stark,Chlaydia,2021,2620,698.9,376500,182887,193612,130281,161156,4386,22380,6681,11447
Stark,Chlaydia,2022,1814,483.9,378000,183616,194383,130800,161798,4403,22469,6708,11493
Stark,Chlaydia,2023,2399,639.9,379500,184344,195155,131319,162440,4421,22558,6734,11538
Stark,Chlaydia,2024,1605,428.2,381000,185073,195926,131838,163082,4438,22647,6761,11584
Stark,Gonorrhoea,2020,818,218.2,375000,182159,192841,129762,160514,4369,22291,6655,11402
Stark,Gonorrhoea,2021,976,260.4,376500,182887,193612,130281,161156,4386,22380,6681,11447
Stark,Gonorrhoea,2022,991,264.5,378000,183616,194383,130800,161798,4403,22469,6708,11493
Stark,Gonorrhoea,2023,796,212.4,379500,184344,195155,131319,162440,4421,22558,6734,11538
Stark,Gonorrhoea,2024,1249,333.2,381000,185073,195926,131838,163082,4438,22647,6761,11584
Stark,Syphillis,2020,111,29.8,375000,182159,192841,129762,160514,4369,22291,6655,11402
Stark,Syphillis,2021,93,24.8,376500,182887,193612,130281,161156,4386,22380,6681,11447
Stark,Syphillis,2022,113,30.4,378000,183616,194383,130800,161798,4403,22469,6708,11493
Stark,Syphillis,2023,126,33.8,379500,184344,195155,131319,162440,4421,22558,6734,11538
Stark,Syphillis,2024,114,30.5,381000,185073,195926,131838,163082,4438,22647,6761,11584
Summit,Chlaydia,2020,3922,726.3,540000,270696,269304,212021,231999,21358,14957,2745,17817
Summit,Chlaydia,2021,3504,648.9,542160,271778,270381,212869,232926,21443,15016,2755,17888
Summit,Chlaydia,2022,2808,520.0,544320,272861,271458,213717,233854,21528,15076,2766,17959
Summit,Chlaydia,2023,3900,722.3,546480,273944,272535,214565,234782,21614,15136,2777,18030
Summit,Chlaydia,2024,2742,507.9,548640,275027,273612,215413,235710,21699,15196,2788,18102
Summit,Gonorrhoea,2020,1152,213.4,540000,270696,269304,212021,231999,21358,14957,2745,17817
Summit,Gonorrhoea,2021,1137,210.7,542160,271778,270381,212869,232926,21443,15016,2755,17888
Summit,Gonorrhoea,2022,1384,256.3,544320,272861,271458,213717,233854,21528,15076,2766,17959
Summit,Gonorrhoea,2023,1790,331.5,546480,273944,272535,214565,234782,21614,15136,2777,18030
Summit,Gonorrhoea,2024,1635,302.9,548640,275027,273612,215413,235710,21699,15196,2788,18102
Summit,Syphillis,2020,104,19.4,540000,270696,269304,212021,231999,21358,14957,2745,17817
Summit,Syphillis,2021,163,30.3,542160,271778,270381,212869,232926,21443,15016,2755,17888
Summit,Syphillis,2022,174,32.3,544320,272861,271458,213717,233854,21528,15076,2766,17959
Summit,Syphillis,2023,119,22.1,546480,273944,272535,214565,234782,21614,15136,2777,18030
Summit,Syphillis,2024,146,27.2,548640,275027,273612,215413,235710,21699,15196,2788,18102
Trumbull,Chlaydia,2020,129,356.5,36414,17781,18633,14066,16657,1604,1771,1356,1362
Trumbull,Chlaydia,2021,185,508.7,36559,17852,18707,14122,16723,1610,1778,1361,1367
Trumbull,Chlaydia,2022,104,287.5,36705,17923,18782,14178,16790,1616,1785,1366,1372
Trumbull,Chlaydia,2023,116,319.2,36850,17994,18856,14234,16856,1623,1792,1372,1378
Trumbull,Chlaydia,2024,192,527.7,36996,18065,18931,14291,16923,1629,1799,1377,1383
Trumbull,Gonorrhoea,2020,45,125.8,36414,17781,18633,14066,16657,1604,1771,1356,1362
Trumbull,Gonorrhoea,2021,83,229.3,36559,17852,18707,14122,16723,1610,1778,1361,1367
Trumbull,Gonorrhoea,2022,79,218.3,36705,17923,18782,14178,16790,1616,1785,1366,1372
Trumbull,Gonorrhoea,2023,79,218.3,36850,17994,18856,14234,16856,1623,1792,1372,1378
Trumbull,Gonorrhoea,2024,69,191.0,36996,18065,18931,14291,16923,1629,1799,1377,1383
Trumbull,Syphillis,2020,6,18.8,36414,17781,18633,14066,16657,1604,1771,1356,1362
Trumbull,Syphillis,2021,6,17.1,36559,17852,18707,14122,16723,1610,1778,1361,1367
Trumbull,Syphillis,2022,7,20.6,36705,17923,18782,14178,16790,1616,1785,1366,1372
Trumbull,Syphillis,2023,9,26.0,36850,17994,18856,14234,16856,1623,1792,1372,1378
Trumbull,Syphillis,2024,8,23.0,36996,18065,18931,14291,16923,1629,1799,1377,1383
Tuscarawas,Chlaydia,2020,367,332.2,110694,54344,56350,39187,44315,7061,6659,780,580
Tuscarawas,Chlaydia,2021,262,237.4,111136,54561,56575,39343,44492,7089,6685,783,582
Tuscarawas,Chlaydia,2022,361,327.0,111579,54778,56800,39500,44669,7117,6712,786,584
Tuscarawas,Chlaydia,2023,395,357.0,112022,54996,57026,39657,44846,7145,6738,789,586
Tuscarawas,Chlaydia,2024,369,333.5,112465,55213,57251,39813,45024,7173,6765,792,589
Tuscarawas,Gonorrhoea,2020,167,151.3,110694,54344,56350,39187,44315,7061,6659,780,580
Tuscarawas,Gonorrhoea,2021,146,131.9,111136,54561,56575,39343,44492,7089,6685,783,582
Tuscarawas,Gonorrhoea,2022,126,114.0,111579,54778,56800,39500,44669,7117,6712,786,584
Tuscarawas,Gonorrhoea,2023,111,100.6,112022,54996,57026,39657,44846,7145,6738,789,586
Tuscarawas,Gonorrhoea,2024,116,105.6,112465,55213,57251,39813,45024,7173,6765,792,589
Tuscarawas,Syphillis,2020,18,17.0,110694,54344,56350,39187,44315,7061,6659,780,580
Tuscarawas,Syphillis,2021,12,11.4,111136,54561,56575,39343,44492,7089,6685,783,582
Tuscarawas,Syphillis,2022,12,11.4,111579,54778,56800,39500,44669,7117,6712,786,584
Tuscarawas,Syphillis,2023,20,18.3,112022,54996,57026,39657,44846,7145,6738,789,586
Tuscarawas,Syphillis,2024,18,16.8,112465,55213,57251,39813,45024,7173,6765,792,589
Union,Chlaydia,2020,498,374.1,133162,65189,67973,46506,53369,8117,14486,4235,5771
Union,Chlaydia,2021,690,518.7,133694,65449,68244,46692,53582,8149,14543,4251,5794
Union,Chlaydia,2022,559,419.8,134227,65710,68516,46878,53795,8181,14601,4268,5817
Union,Chlaydia,2023,620,465.7,134759,65971,68788,47064,54009,8214,14659,4285,5840
Union,Chlaydia,2024,551,413.9,135292,66232,69060,47250,54222,8246,14717,4302,5863
Union,Gonorrhoea,2020,217,163.3,133162,65189,67973,46506,53369,8117,14486,4235,5771
Union,Gonorrhoea,2021,189,142.2,133694,65449,68244,46692,53582,8149,14543,4251,5794
Union,Gonorrhoea,2022,178,134.4,134227,65710,68516,46878,53795,8181,14601,4268,5817
Union,Gonorrhoea,2023,154,115.9,134759,65971,68788,47064,54009,8214,14659,4285,5840
Union,Gonorrhoea,2024,207,155.7,135292,66232,69060,47250,54222,8246,14717,4302,5863
Union,Syphillis,2020,20,15.4,133162,65189,67973,46506,53369,8117,14486,4235,5771
Union,Syphillis,2021,23,17.8,133694,65449,68244,46692,53582,8149,14543,4251,5794
Union,Syphillis,2022,32,24.7,134227,65710,68516,46878,53795,8181,14601,4268,5817
Union,Syphillis,2023,25,18.8,134759,65971,68788,47064,54009,8214,14659,4285,5840
Union,Syphillis,2024,33,25.5,135292,66232,69060,47250,54222,8246,14717,4302,5863
Van Wert,Chlaydia,2020,333,340.0,98186,48640,49546,43862,34816,7786,6813,3528,941
Van Wert,Chlaydia,2021,255,260.2,98578,48834,49744,44037,34955,7817,6840,3542,944
Van Wert,Chlaydia,2022,356,362.7,98971,49029,49942,44212,35094,7848,6867,3556,948
Van Wert,Chlaydia,2023,435,443.6,99364,49223,50140,44388,35233,7879,6894,3570,952
Van Wert,Chlaydia,2024,466,475.6,99756,49418,50338,44563,35373,7910,6922,3584,956
Van Wert,Gonorrhoea,2020,137,140.1,98186,48640,49546,43862,34816,7786,6813,3528,941
Van Wert,Gonorrhoea,2021,126,128.9,98578,48834,49744,44037,34955,7817,6840,3542,944
Van Wert,Gonorrhoea,2022,115,117.2,98971,49029,49942,44212,35094,7848,6867,3556,948
Van Wert,Gonorrhoea,2023,150,153.1,99364,49223,50140,44388,35233,7879,6894,3570,952
Van Wert,Gonorrhoea,2024,120,123.2,99756,49418,50338,44563,35373,7910,6922,3584,956
Van Wert,Syphillis,2020,16,16.5,98186,48640,49546,43862,34816,7786,6813,3528,941
Van Wert,Syphillis,2021,14,14.3,98578,48834,49744,44037,34955,7817,6840,3542,944
Van Wert,Syphillis,2022,13,13.6,98971,49029,49942,44212,35094,7848,6867,3556,948
Van Wert,Syphillis,2023,17,17.5,99364,49223,50140,44388,35233,7879,6894,3570,952
Van Wert,Syphillis,2024,17,17.8,99756,49418,50338,44563,35373,7910,6922,3584,956
Vinton,Chlaydia,2020,175,388.0,45350,22773,22577,19372,20634,1493,1808,1582,1623
Vinton,Chlaydia,2021,156,344.5,45531,22864,22667,19449,20716,1498,1815,1588,1629
Vinton,Chlaydia,2022,172,380.7,45712,22955,22757,19526,20799,1504,1822,1594,1635
Vinton,Chlaydia,2023,174,383.7,45894,23046,22847,19604,20881,1510,1829,1600,1642
Vinton,Chlaydia,2024,123,271.7,46075,23137,22938,19681,20964,1516,1836,1607,1648
Vinton,Gonorrhoea,2020,48,106.8,45350,22773,22577,19372,20634,1493,1808,1582,1623
Vinton,Gonorrhoea,2021,63,140.7,45531,22864,22667,19449,20716,1498,1815,1588,1629
Vinton,Gonorrhoea,2022,71,158.4,45712,22955,22757,19526,20799,1504,1822,1594,1635
Vinton,Gonorrhoea,2023,56,123.6,45894,23046,22847,19604,20881,1510,1829,1600,1642
Vinton,Gonorrhoea,2024,64,141.7,46075,23137,22938,19681,20964,1516,1836,1607,1648
Vinton,Syphillis,2020,5,12.0,45350,22773,22577,19372,20634,1493,1808,1582,1623
Vinton,Syphillis,2021,6,14.9,45531,22864,22667,19449,20716,1498,1815,1588,1629
Vinton,Syphillis,2022,6,15.0,45712,22955,22757,19526,20799,1504,1822,1594,1635
Vinton,Syphillis,2023,7,16.2,45894,23046,22847,19604,20881,1510,1829,1600,1642
Vinton,Syphillis,2024,10,22.5,46075,23137,22938,19681,20964,1516,1836,1607,1648
Warren,Chlaydia,2020,488,586.1,83307,40806,42501,32952,33921,8655,4884,2207,1595
Warren,Chlaydia,2021,285,342.7,83640,40969,42671,33083,34056,8689,4903,2215,1601
Warren,Chlaydia,2022,468,562.6,83973,41132,42841,33215,34192,8724,4923,2224,1607
Warren,Chlaydia,2023,378,454.1,84306,41295,43011,33347,34328,8758,4942,2233,1614
Warren,Chlaydia,2024,326,391.9,84639,41458,43181,33479,34463,8793,4962,2242,1620
Warren,Gonorrhoea,2020,175,211.2,83307,40806,42501,32952,33921,8655,4884,2207,1595
Warren,Gonorrhoea,2021,199,239.7,83640,40969,42671,33083,34056,8689,4903,2215,1601
Warren,Gonorrhoea,2022,199,239.2,83973,41132,42841,33215,34192,8724,4923,2224,1607
Warren,Gonorrhoea,2023,130,156.6,84306,41295,43011,33347,34328,8758,4942,2233,1614
Warren,Gonorrhoea,2024,179,215.3,84639,41458,43181,33479,34463,8793,4962,2242,1620
Warren,Syphillis,2020,19,23.9,83307,40806,42501,32952,33921,8655,4884,2207,1595
Warren,Syphillis,2021,22,26.7,83640,40969,42671,33083,34056,8689,4903,2215,1601
Warren,Syphillis,2022,17,20.7,83973,41132,42841,33215,34192,8724,4923,2224,1607
Warren,Syphillis,2023,26,31.3,84306,41295,43011,33347,34328,8758,4942,2233,1614
Warren,Syphillis,2024,16,19.5,84639,41458,43181,33479,34463,8793,4962,2242,1620
Washington,Chlaydia,2020,571,517.0,110490,54255,56235,44192,47079,7427,1207,4880,4910
Washington,Chlaydia,2021,597,541.1,110931,54472,56459,44368,47267,7456,1211,4899,4929
Washington,Chlaydia,2022,500,453.2,111373,54689,56684,44545,47455,7486,1216,4919,4949
Washington,Chlaydia,2023,476,431.4,111815,54906,56909,44722,47643,7516,1221,4938,4968
Washington,Chlaydia,2024,579,524.4,112257,55123,57134,44899,47832,7545,1226,4958,4988
Washington,Gonorrhoea,2020,233,211.3,110490,54255,56235,44192,47079,7427,1207,4880,4910
Washington,Gonorrhoea,2021,213,193.2,110931,54472,56459,44368,47267,7456,1211,4899,4929
Washington,Gonorrhoea,2022,154,139.8,111373,54689,56684,44545,47455,7486,1216,4919,4949
Washington,Gonorrhoea,2023,289,262.3,111815,54906,56909,44722,47643,7516,1221,4938,4968
Washington,Gonorrhoea,2024,195,177.2,112257,55123,57134,44899,47832,7545,1226,4958,4988
Washington,Syphillis,2020,17,16.0,110490,54255,56235,44192,47079,7427,1207,4880,4910
Washington,Syphillis,2021,22,20.0,110931,54472,56459,44368,47267,7456,1211,4899,4929
Washington,Syphillis,2022,25,23.3,111373,54689,56684,44545,47455,7486,1216,4919,4949
Washington,Syphillis,2023,28,26.1,111815,54906,56909,44722,47643,7516,1221,4938,4968
Washington,Syphillis,2024,36,33.0,112257,55123,57134,44899,47832,7545,1226,4958,4988
Wayne,Chlaydia,2020,330,394.1,83738,41187,42551,35294,36210,6081,4899,3511,1645
Wayne,Chlaydia,2021,269,321.9,84072,41351,42721,35435,36354,6105,4918,3525,1651
Wayne,Chlaydia,2022,353,422.3,84407,41516,42891,35576,36499,6129,4938,3539,1658
Wayne,Chlaydia,2023,345,412.2,84742,41681,43061,35717,36644,6153,4957,3553,1664
Wayne,Chlaydia,2024,462,551.8,85077,41845,43231,35858,36789,6178,4977,3567,1671
Wayne,Gonorrhoea,2020,130,155.7,83738,41187,42551,35294,36210,6081,4899,3511,1645
Wayne,Gonorrhoea,2021,98,117.7,84072,41351,42721,35435,36354,6105,4918,3525,1651
Wayne,Gonorrhoea,2022,124,148.9,84407,41516,42891,35576,36499,6129,4938,3539,1658
Wayne,Gonorrhoea,2023,126,151.2,84742,41681,43061,35717,36644,6153,4957,3553,1664
Wayne,Gonorrhoea,2024,127,152.1,85077,41845,43231,35858,36789,6178,4977,3567,1671
Wayne,Syphillis,2020,10,12.1,83738,41187,42551,35294,36210,6081,4899,3511,1645
Wayne,Syphillis,2021,14,17.8,84072,41351,42721,35435,36354,6105,4918,3525,1651
Wayne,Syphillis,2022,14,17.1,84407,41516,42891,35576,36499,6129,4938,3539,1658
Wayne,Syphillis,2023,10,12.3,84742,41681,43061,35717,36644,6153,4957,3553,1664
Wayne,Syphillis,2024,15,18.9,85077,41845,43231,35858,36789,6178,4977,3567,1671
Williams,Chlaydia,2020,1015,638.9,158870,78364,80506,69868,59024,17120,7127,6972,6555
Williams,Chlaydia,2021,615,387.4,159505,78677,80828,70147,59260,17188,7155,6999,6581
Williams,Chlaydia,2022,1076,677.9,160140,78990,81150,70426,59496,17256,7184,7027,6607
Williams,Chlaydia,2023,609,383.6,160776,79304,81472,70706,59732,17325,7212,7055,6633
Williams,Chlaydia,2024,717,451.8,161411,79617,81794,70985,59968,17393,7241,7083,6659
Williams,Gonorrhoea,2020,345,217.2,158870,78364,80506,69868,59024,17120,7127,6972,6555
Williams,Gonorrhoea,2021,380,239.5,159505,78677,80828,70147,59260,17188,7155,6999,6581
Williams,Gonorrhoea,2022,277,174.5,160140,78990,81150,70426,59496,17256,7184,7027,6607
Williams,Gonorrhoea,2023,324,204.3,160776,79304,81472,70706,59732,17325,7212,7055,6633
Williams,Gonorrhoea,2024,336,212.0,161411,79617,81794,70985,59968,17393,7241,7083,6659
Williams,Syphillis,2020,38,24.5,158870,78364,80506,69868,59024,17120,7127,6972,6555
Williams,Syphillis,2021,50,31.6,159505,78677,80828,70147,59260,17188,7155,6999,6581
Williams,Syphillis,2022,48,30.6,160140,78990,81150,70426,59496,17256,7184,7027,6607
Williams,Syphillis,2023,28,18.0,160776,79304,81472,70706,59732,17325,7212,7055,6633
Williams,Syphillis,2024,38,24.2,161411,79617,81794,70985,59968,17393,7241,7083,6659
Wood,Chlaydia,2020,383,291.1,131712,64476,67236,57572,51681,2613,8113,2223,1023
Wood,Chlaydia,2021,406,308.4,132238,64733,67504,57802,51887,2623,8145,2231,1027
Wood,Chlaydia,2022,445,338.5,132765,64991,67773,58032,52094,2633,8177,2240,1031
Wood,Chlaydia,2023,483,367.1,133292,65249,68042,58262,52301,2644,8210,2249,1035
Wood,Chlaydia,2024,478,363.3,133819,65507,68311,58493,52507,2654,8242,2258,1039
Wood,Gonorrhoea,2020,193,147.2,131712,64476,67236,57572,51681,2613,8113,2223,1023
Wood,Gonorrhoea,2021,115,87.8,132238,64733,67504,57802,51887,2623,8145,2231,1027
Wood,Gonorrhoea,2022,197,149.8,132765,64991,67773,58032,52094,2633,8177,2240,1031
Wood,Gonorrhoea,2023,107,81.6,133292,65249,68042,58262,52301,2644,8210,2249,1035
Wood,Gonorrhoea,2024,128,97.2,133819,65507,68311,58493,52507,2654,8242,2258,1039
Wood,Syphillis,2020,21,16.1,131712,64476,67236,57572,51681,2613,8113,2223,1023
Wood,Syphillis,2021,19,14.9,132238,64733,67504,57802,51887,2623,8145,2231,1027
Wood,Syphillis,2022,20,15.9,132765,64991,67773,58032,52094,2633,8177,2240,1031
Wood,Syphillis,2023,14,10.7,133292,65249,68042,58262,52301,2644,8210,2249,1035
Wood,Syphillis,2024,19,15.1,133819,65507,68311,58493,52507,2654,8242,2258,1039
Wyandot,Chlaydia,2020,639,431.1,148285,72061,76224,52278,60807,3222,5377,4766,2015
Wyandot,Chlaydia,2021,665,448.5,148878,72349,76528,52487,61050,3234,5398,4785,2023
Wyandot,Chlaydia,2022,791,533.5,149471,72637,76833,52696,61293,3247,5420,4804,2031
Wyandot,Chlaydia,2023,850,573.8,150064,72925,77138,52905,61536,3260,5441,4823,2039
Wyandot,Chlaydia,2024,764,515.6,150657,73213,77443,53114,61779,3273,5463,4842,2047
Wyandot,Gonorrhoea,2020,311,209.8,148285,72061,76224,52278,60807,3222,5377,4766,2015
Wyandot,Gonorrhoea,2021,287,193.7,148878,72349,76528,52487,61050,3234,5398,4785,2023
Wyandot,Gonorrhoea,2022,344,232.0,149471,72637,76833,52696,61293,3247,5420,4804,2031
Wyandot,Gonorrhoea,2023,285,192.2,150064,72925,77138,52905,61536,3260,5441,4823,2039
Wyandot,Gonorrhoea,2024,217,146.6,150657,73213,77443,53114,61779,3273,5463,4842,2047
Wyandot,Syphillis,2020,38,25.9,148285,72061,76224,52278,60807,3222,5377,4766,2015
Wyandot,Syphillis,2021,31,21.2,148878,72349,76528,52487,61050,3234,5398,4785,2023
Wyandot,Syphillis,2022,21,14.4,149471,72637,76833,52696,61293,3247,5420,4804,2031
Wyandot,Syphillis,2023,21,14.8,150064,72925,77138,52905,61536,3260,5441,4823,2039
Wyandot,Syphillis,2024,33,22.5,150657,73213,77443,53114,61779,3273,5463,4842,2047
